img1,<img src='https://s3.amazonaws.com/pickture-perfect/budapest/img_31.jpg' style='max-height:400px; padding: 10px;'></img>,https://s3.amazonaws.com/pickture-perfect/budapest/img_31.jpg
img2,<img src='https://s3.amazonaws.com/pickture-perfect/budapest/img_5.jpg' style='max-height:400px; padding: 10px;'></img>,https://s3.amazonaws.com/pickture-perfect/budapest/img_5.jpg
img3,<img src='https://s3.amazonaws.com/pickture-perfect/budapest/img_32.jpg' style='max-height:400px; padding: 10px;'></img>,https://s3.amazonaws.com/pickture-perfect/budapest/img_32.jpg
img4,<img src='https://s3.amazonaws.com/pickture-perfect/budapest/img_30.jpg' style='max-height:400px; padding: 10px;'></img>,https://s3.amazonaws.com/pickture-perfect/budapest/img_30.jpg
img5,<img src='https://s3.amazonaws.com/pickture-perfect/budapest/img_22.jpg' style='max-height:400px; padding: 10px;'></img>,https://s3.amazonaws.com/pickture-perfect/budapest/img_22.jpg
img6,<img src='https://s3.amazonaws.com/pickture-perfect/budapest/img_7.jpg' style='max-height:400px; padding: 10px;'></img>,https://s3.amazonaws.com/pickture-perfect/budapest/img_7.jpg
img7,<img src='https://s3.amazonaws.com/pickture-perfect/budapest/img_4.jpg' style='max-height:400px; padding: 10px;'></img>,https://s3.amazonaws.com/pickture-perfect/budapest/img_4.jpg
img8,<img src='https://s3.amazonaws.com/pickture-perfect/budapest/img_41.jpg' style='max-height:400px; padding: 10px;'></img>,https://s3.amazonaws.com/pickture-perfect/budapest/img_41.jpg
img9,<img src='https://s3.amazonaws.com/pickture-perfect/budapest/img_14.jpg' style='max-height:400px; padding: 10px;'></img>,https://s3.amazonaws.com/pickture-perfect/budapest/img_14.jpg
img10,<img src='https://s3.amazonaws.com/pickture-perfect/budapest/img_33.jpg' style='max-height:400px; padding: 10px;'></img>,https://s3.amazonaws.com/pickture-perfect/budapest/img_33.jpg
img11,<img src='https://s3.amazonaws.com/pickture-perfect/budapest/neg_1.jpg' style='max-height:400px; padding: 10px;'></img>,https://s3.amazonaws.com/pickture-perfect/budapest/neg_1.jpg