img1,<img src='https://s3.amazonaws.com/pickture-perfect/california/img_44.JPG' style='max-height:400px; padding: 10px;'></img>,https://s3.amazonaws.com/pickture-perfect/california/img_44.JPG
img2,<img src='https://s3.amazonaws.com/pickture-perfect/california/img_135.JPG' style='max-height:400px; padding: 10px;'></img>,https://s3.amazonaws.com/pickture-perfect/california/img_135.JPG
img3,<img src='https://s3.amazonaws.com/pickture-perfect/california/img_117.JPG' style='max-height:400px; padding: 10px;'></img>,https://s3.amazonaws.com/pickture-perfect/california/img_117.JPG
img4,<img src='https://s3.amazonaws.com/pickture-perfect/california/img_16.JPG' style='max-height:400px; padding: 10px;'></img>,https://s3.amazonaws.com/pickture-perfect/california/img_16.JPG
img5,<img src='https://s3.amazonaws.com/pickture-perfect/california/img_56.JPG' style='max-height:400px; padding: 10px;'></img>,https://s3.amazonaws.com/pickture-perfect/california/img_56.JPG
img6,<img src='https://s3.amazonaws.com/pickture-perfect/california/img_184.JPG' style='max-height:400px; padding: 10px;'></img>,https://s3.amazonaws.com/pickture-perfect/california/img_184.JPG
img7,<img src='https://s3.amazonaws.com/pickture-perfect/california/img_22.JPG' style='max-height:400px; padding: 10px;'></img>,https://s3.amazonaws.com/pickture-perfect/california/img_22.JPG
img8,<img src='https://s3.amazonaws.com/pickture-perfect/california/img_107.JPG' style='max-height:400px; padding: 10px;'></img>,https://s3.amazonaws.com/pickture-perfect/california/img_107.JPG
img9,<img src='https://s3.amazonaws.com/pickture-perfect/california/img_185.JPG' style='max-height:400px; padding: 10px;'></img>,https://s3.amazonaws.com/pickture-perfect/california/img_185.JPG
img10,<img src='https://s3.amazonaws.com/pickture-perfect/california/img_92.JPG' style='max-height:400px; padding: 10px;'></img>,https://s3.amazonaws.com/pickture-perfect/california/img_92.JPG
img11,<img src='https://s3.amazonaws.com/pickture-perfect/california/img_57.JPG' style='max-height:400px; padding: 10px;'></img>,https://s3.amazonaws.com/pickture-perfect/california/img_57.JPG
img12,<img src='https://s3.amazonaws.com/pickture-perfect/california/img_35.JPG' style='max-height:400px; padding: 10px;'></img>,https://s3.amazonaws.com/pickture-perfect/california/img_35.JPG
img13,<img src='https://s3.amazonaws.com/pickture-perfect/california/img_144.JPG' style='max-height:400px; padding: 10px;'></img>,https://s3.amazonaws.com/pickture-perfect/california/img_144.JPG
img14,<img src='https://s3.amazonaws.com/pickture-perfect/california/img_108.JPG' style='max-height:400px; padding: 10px;'></img>,https://s3.amazonaws.com/pickture-perfect/california/img_108.JPG
img15,<img src='https://s3.amazonaws.com/pickture-perfect/california/img_37.JPG' style='max-height:400px; padding: 10px;'></img>,https://s3.amazonaws.com/pickture-perfect/california/img_37.JPG
img16,<img src='https://s3.amazonaws.com/pickture-perfect/california/img_48.JPG' style='max-height:400px; padding: 10px;'></img>,https://s3.amazonaws.com/pickture-perfect/california/img_48.JPG
img17,<img src='https://s3.amazonaws.com/pickture-perfect/california/img_186.JPG' style='max-height:400px; padding: 10px;'></img>,https://s3.amazonaws.com/pickture-perfect/california/img_186.JPG
img18,<img src='https://s3.amazonaws.com/pickture-perfect/california/img_138.JPG' style='max-height:400px; padding: 10px;'></img>,https://s3.amazonaws.com/pickture-perfect/california/img_138.JPG
img19,<img src='https://s3.amazonaws.com/pickture-perfect/california/img_58.JPG' style='max-height:400px; padding: 10px;'></img>,https://s3.amazonaws.com/pickture-perfect/california/img_58.JPG
img20,<img src='https://s3.amazonaws.com/pickture-perfect/california/img_28.JPG' style='max-height:400px; padding: 10px;'></img>,https://s3.amazonaws.com/pickture-perfect/california/img_28.JPG
img21,<img src='https://s3.amazonaws.com/pickture-perfect/california/img_119.JPG' style='max-height:400px; padding: 10px;'></img>,https://s3.amazonaws.com/pickture-perfect/california/img_119.JPG
img22,<img src='https://s3.amazonaws.com/pickture-perfect/california/img_193.JPG' style='max-height:400px; padding: 10px;'></img>,https://s3.amazonaws.com/pickture-perfect/california/img_193.JPG
img23,<img src='https://s3.amazonaws.com/pickture-perfect/california/img_128.JPG' style='max-height:400px; padding: 10px;'></img>,https://s3.amazonaws.com/pickture-perfect/california/img_128.JPG
img24,<img src='https://s3.amazonaws.com/pickture-perfect/california/img_110.JPG' style='max-height:400px; padding: 10px;'></img>,https://s3.amazonaws.com/pickture-perfect/california/img_110.JPG
img25,<img src='https://s3.amazonaws.com/pickture-perfect/california/img_209.JPG' style='max-height:400px; padding: 10px;'></img>,https://s3.amazonaws.com/pickture-perfect/california/img_209.JPG
img26,<img src='https://s3.amazonaws.com/pickture-perfect/california/img_43.JPG' style='max-height:400px; padding: 10px;'></img>,https://s3.amazonaws.com/pickture-perfect/california/img_43.JPG
img27,<img src='https://s3.amazonaws.com/pickture-perfect/california/img_121.JPG' style='max-height:400px; padding: 10px;'></img>,https://s3.amazonaws.com/pickture-perfect/california/img_121.JPG
img28,<img src='https://s3.amazonaws.com/pickture-perfect/california/img_137.JPG' style='max-height:400px; padding: 10px;'></img>,https://s3.amazonaws.com/pickture-perfect/california/img_137.JPG
img29,<img src='https://s3.amazonaws.com/pickture-perfect/california/img_15.JPG' style='max-height:400px; padding: 10px;'></img>,https://s3.amazonaws.com/pickture-perfect/california/img_15.JPG
img30,<img src='https://s3.amazonaws.com/pickture-perfect/california/img_86.JPG' style='max-height:400px; padding: 10px;'></img>,https://s3.amazonaws.com/pickture-perfect/california/img_86.JPG
img31,<img src='https://s3.amazonaws.com/pickture-perfect/california/img_146.JPG' style='max-height:400px; padding: 10px;'></img>,https://s3.amazonaws.com/pickture-perfect/california/img_146.JPG
img32,<img src='https://s3.amazonaws.com/pickture-perfect/california/img_32.JPG' style='max-height:400px; padding: 10px;'></img>,https://s3.amazonaws.com/pickture-perfect/california/img_32.JPG
img33,<img src='https://s3.amazonaws.com/pickture-perfect/california/img_47.JPG' style='max-height:400px; padding: 10px;'></img>,https://s3.amazonaws.com/pickture-perfect/california/img_47.JPG
img34,<img src='https://s3.amazonaws.com/pickture-perfect/california/img_17.JPG' style='max-height:400px; padding: 10px;'></img>,https://s3.amazonaws.com/pickture-perfect/california/img_17.JPG
img35,<img src='https://s3.amazonaws.com/pickture-perfect/california/img_147.JPG' style='max-height:400px; padding: 10px;'></img>,https://s3.amazonaws.com/pickture-perfect/california/img_147.JPG
img36,<img src='https://s3.amazonaws.com/pickture-perfect/california/img_61.JPG' style='max-height:400px; padding: 10px;'></img>,https://s3.amazonaws.com/pickture-perfect/california/img_61.JPG
img37,<img src='https://s3.amazonaws.com/pickture-perfect/california/img_12.JPG' style='max-height:400px; padding: 10px;'></img>,https://s3.amazonaws.com/pickture-perfect/california/img_12.JPG
img38,<img src='https://s3.amazonaws.com/pickture-perfect/california/img_7.JPG' style='max-height:400px; padding: 10px;'></img>,https://s3.amazonaws.com/pickture-perfect/california/img_7.JPG
img39,<img src='https://s3.amazonaws.com/pickture-perfect/california/img_191.JPG' style='max-height:400px; padding: 10px;'></img>,https://s3.amazonaws.com/pickture-perfect/california/img_191.JPG
img40,<img src='https://s3.amazonaws.com/pickture-perfect/california/img_183.JPG' style='max-height:400px; padding: 10px;'></img>,https://s3.amazonaws.com/pickture-perfect/california/img_183.JPG
img41,<img src='https://s3.amazonaws.com/pickture-perfect/california/img_100.JPG' style='max-height:400px; padding: 10px;'></img>,https://s3.amazonaws.com/pickture-perfect/california/img_100.JPG
img42,<img src='https://s3.amazonaws.com/pickture-perfect/california/img_39.JPG' style='max-height:400px; padding: 10px;'></img>,https://s3.amazonaws.com/pickture-perfect/california/img_39.JPG
img43,<img src='https://s3.amazonaws.com/pickture-perfect/california/img_145.JPG' style='max-height:400px; padding: 10px;'></img>,https://s3.amazonaws.com/pickture-perfect/california/img_145.JPG
img44,<img src='https://s3.amazonaws.com/pickture-perfect/california/img_109.JPG' style='max-height:400px; padding: 10px;'></img>,https://s3.amazonaws.com/pickture-perfect/california/img_109.JPG
img45,<img src='https://s3.amazonaws.com/pickture-perfect/california/neg_3.JPG' style='max-height:400px; padding: 10px;'></img>,https://s3.amazonaws.com/pickture-perfect/california/neg_3.JPG
img46,<img src='https://s3.amazonaws.com/pickture-perfect/california/neg_4.JPG' style='max-height:400px; padding: 10px;'></img>,https://s3.amazonaws.com/pickture-perfect/california/neg_4.JPG
img47,<img src='https://s3.amazonaws.com/pickture-perfect/california/neg_5.JPG' style='max-height:400px; padding: 10px;'></img>,https://s3.amazonaws.com/pickture-perfect/california/neg_5.JPG
img48,<img src='https://s3.amazonaws.com/pickture-perfect/california/neg_6.JPG' style='max-height:400px; padding: 10px;'></img>,https://s3.amazonaws.com/pickture-perfect/california/neg_6.JPG
img49,<img src='https://s3.amazonaws.com/pickture-perfect/california/neg_7.JPG' style='max-height:400px; padding: 10px;'></img>,https://s3.amazonaws.com/pickture-perfect/california/neg_7.JPG
img50,<img src='https://s3.amazonaws.com/pickture-perfect/california/neg_8.JPG' style='max-height:400px; padding: 10px;'></img>,https://s3.amazonaws.com/pickture-perfect/california/neg_8.JPG