img1,<img src='https://s3.amazonaws.com/pickture-perfect/costa_rica/img_6.JPG' style='max-height:400px; padding: 10px;'></img>,https://s3.amazonaws.com/pickture-perfect/costa_rica/img_6.JPG
img2,<img src='https://s3.amazonaws.com/pickture-perfect/costa_rica/img_326.JPG' style='max-height:400px; padding: 10px;'></img>,https://s3.amazonaws.com/pickture-perfect/costa_rica/img_326.JPG
img3,<img src='https://s3.amazonaws.com/pickture-perfect/costa_rica/img_76.JPG' style='max-height:400px; padding: 10px;'></img>,https://s3.amazonaws.com/pickture-perfect/costa_rica/img_76.JPG
img4,<img src='https://s3.amazonaws.com/pickture-perfect/costa_rica/img_47.JPG' style='max-height:400px; padding: 10px;'></img>,https://s3.amazonaws.com/pickture-perfect/costa_rica/img_47.JPG
img5,<img src='https://s3.amazonaws.com/pickture-perfect/costa_rica/img_183.JPG' style='max-height:400px; padding: 10px;'></img>,https://s3.amazonaws.com/pickture-perfect/costa_rica/img_183.JPG
img6,<img src='https://s3.amazonaws.com/pickture-perfect/costa_rica/img_28.JPG' style='max-height:400px; padding: 10px;'></img>,https://s3.amazonaws.com/pickture-perfect/costa_rica/img_28.JPG
img7,<img src='https://s3.amazonaws.com/pickture-perfect/costa_rica/img_321.JPG' style='max-height:400px; padding: 10px;'></img>,https://s3.amazonaws.com/pickture-perfect/costa_rica/img_321.JPG
img8,<img src='https://s3.amazonaws.com/pickture-perfect/costa_rica/img_133.JPG' style='max-height:400px; padding: 10px;'></img>,https://s3.amazonaws.com/pickture-perfect/costa_rica/img_133.JPG
img9,<img src='https://s3.amazonaws.com/pickture-perfect/costa_rica/img_188.JPG' style='max-height:400px; padding: 10px;'></img>,https://s3.amazonaws.com/pickture-perfect/costa_rica/img_188.JPG
img10,<img src='https://s3.amazonaws.com/pickture-perfect/costa_rica/img_112.JPG' style='max-height:400px; padding: 10px;'></img>,https://s3.amazonaws.com/pickture-perfect/costa_rica/img_112.JPG
img11,<img src='https://s3.amazonaws.com/pickture-perfect/costa_rica/img_327.JPG' style='max-height:400px; padding: 10px;'></img>,https://s3.amazonaws.com/pickture-perfect/costa_rica/img_327.JPG
img12,<img src='https://s3.amazonaws.com/pickture-perfect/costa_rica/img_110.JPG' style='max-height:400px; padding: 10px;'></img>,https://s3.amazonaws.com/pickture-perfect/costa_rica/img_110.JPG
img13,<img src='https://s3.amazonaws.com/pickture-perfect/costa_rica/img_83.JPG' style='max-height:400px; padding: 10px;'></img>,https://s3.amazonaws.com/pickture-perfect/costa_rica/img_83.JPG
img14,<img src='https://s3.amazonaws.com/pickture-perfect/costa_rica/img_259.JPG' style='max-height:400px; padding: 10px;'></img>,https://s3.amazonaws.com/pickture-perfect/costa_rica/img_259.JPG
img15,<img src='https://s3.amazonaws.com/pickture-perfect/costa_rica/img_136.JPG' style='max-height:400px; padding: 10px;'></img>,https://s3.amazonaws.com/pickture-perfect/costa_rica/img_136.JPG
img16,<img src='https://s3.amazonaws.com/pickture-perfect/costa_rica/img_59.JPG' style='max-height:400px; padding: 10px;'></img>,https://s3.amazonaws.com/pickture-perfect/costa_rica/img_59.JPG
img17,<img src='https://s3.amazonaws.com/pickture-perfect/costa_rica/img_283.JPG' style='max-height:400px; padding: 10px;'></img>,https://s3.amazonaws.com/pickture-perfect/costa_rica/img_283.JPG
img18,<img src='https://s3.amazonaws.com/pickture-perfect/costa_rica/img_270.JPG' style='max-height:400px; padding: 10px;'></img>,https://s3.amazonaws.com/pickture-perfect/costa_rica/img_270.JPG
img19,<img src='https://s3.amazonaws.com/pickture-perfect/costa_rica/img_292.JPG' style='max-height:400px; padding: 10px;'></img>,https://s3.amazonaws.com/pickture-perfect/costa_rica/img_292.JPG
img20,<img src='https://s3.amazonaws.com/pickture-perfect/costa_rica/img_290.JPG' style='max-height:400px; padding: 10px;'></img>,https://s3.amazonaws.com/pickture-perfect/costa_rica/img_290.JPG
img21,<img src='https://s3.amazonaws.com/pickture-perfect/costa_rica/img_192.JPG' style='max-height:400px; padding: 10px;'></img>,https://s3.amazonaws.com/pickture-perfect/costa_rica/img_192.JPG
img22,<img src='https://s3.amazonaws.com/pickture-perfect/costa_rica/img_61.JPG' style='max-height:400px; padding: 10px;'></img>,https://s3.amazonaws.com/pickture-perfect/costa_rica/img_61.JPG
img23,<img src='https://s3.amazonaws.com/pickture-perfect/costa_rica/img_197.JPG' style='max-height:400px; padding: 10px;'></img>,https://s3.amazonaws.com/pickture-perfect/costa_rica/img_197.JPG
img24,<img src='https://s3.amazonaws.com/pickture-perfect/costa_rica/img_113.JPG' style='max-height:400px; padding: 10px;'></img>,https://s3.amazonaws.com/pickture-perfect/costa_rica/img_113.JPG
img25,<img src='https://s3.amazonaws.com/pickture-perfect/costa_rica/img_43.JPG' style='max-height:400px; padding: 10px;'></img>,https://s3.amazonaws.com/pickture-perfect/costa_rica/img_43.JPG
img26,<img src='https://s3.amazonaws.com/pickture-perfect/costa_rica/img_266.JPG' style='max-height:400px; padding: 10px;'></img>,https://s3.amazonaws.com/pickture-perfect/costa_rica/img_266.JPG
img27,<img src='https://s3.amazonaws.com/pickture-perfect/costa_rica/img_181.JPG' style='max-height:400px; padding: 10px;'></img>,https://s3.amazonaws.com/pickture-perfect/costa_rica/img_181.JPG
img28,<img src='https://s3.amazonaws.com/pickture-perfect/costa_rica/img_1.JPG' style='max-height:400px; padding: 10px;'></img>,https://s3.amazonaws.com/pickture-perfect/costa_rica/img_1.JPG
img29,<img src='https://s3.amazonaws.com/pickture-perfect/costa_rica/img_15.JPG' style='max-height:400px; padding: 10px;'></img>,https://s3.amazonaws.com/pickture-perfect/costa_rica/img_15.JPG
img30,<img src='https://s3.amazonaws.com/pickture-perfect/costa_rica/img_80.JPG' style='max-height:400px; padding: 10px;'></img>,https://s3.amazonaws.com/pickture-perfect/costa_rica/img_80.JPG
img31,<img src='https://s3.amazonaws.com/pickture-perfect/costa_rica/img_248.JPG' style='max-height:400px; padding: 10px;'></img>,https://s3.amazonaws.com/pickture-perfect/costa_rica/img_248.JPG
img32,<img src='https://s3.amazonaws.com/pickture-perfect/costa_rica/img_293.JPG' style='max-height:400px; padding: 10px;'></img>,https://s3.amazonaws.com/pickture-perfect/costa_rica/img_293.JPG
img33,<img src='https://s3.amazonaws.com/pickture-perfect/costa_rica/img_128.JPG' style='max-height:400px; padding: 10px;'></img>,https://s3.amazonaws.com/pickture-perfect/costa_rica/img_128.JPG
img34,<img src='https://s3.amazonaws.com/pickture-perfect/costa_rica/img_9.JPG' style='max-height:400px; padding: 10px;'></img>,https://s3.amazonaws.com/pickture-perfect/costa_rica/img_9.JPG
img35,<img src='https://s3.amazonaws.com/pickture-perfect/costa_rica/img_40.JPG' style='max-height:400px; padding: 10px;'></img>,https://s3.amazonaws.com/pickture-perfect/costa_rica/img_40.JPG
img36,<img src='https://s3.amazonaws.com/pickture-perfect/costa_rica/img_36.JPG' style='max-height:400px; padding: 10px;'></img>,https://s3.amazonaws.com/pickture-perfect/costa_rica/img_36.JPG
img37,<img src='https://s3.amazonaws.com/pickture-perfect/costa_rica/img_152.JPG' style='max-height:400px; padding: 10px;'></img>,https://s3.amazonaws.com/pickture-perfect/costa_rica/img_152.JPG
img38,<img src='https://s3.amazonaws.com/pickture-perfect/costa_rica/img_60.JPG' style='max-height:400px; padding: 10px;'></img>,https://s3.amazonaws.com/pickture-perfect/costa_rica/img_60.JPG
img39,<img src='https://s3.amazonaws.com/pickture-perfect/costa_rica/img_74.JPG' style='max-height:400px; padding: 10px;'></img>,https://s3.amazonaws.com/pickture-perfect/costa_rica/img_74.JPG
img40,<img src='https://s3.amazonaws.com/pickture-perfect/costa_rica/img_137.JPG' style='max-height:400px; padding: 10px;'></img>,https://s3.amazonaws.com/pickture-perfect/costa_rica/img_137.JPG
img41,<img src='https://s3.amazonaws.com/pickture-perfect/costa_rica/img_178.JPG' style='max-height:400px; padding: 10px;'></img>,https://s3.amazonaws.com/pickture-perfect/costa_rica/img_178.JPG
img42,<img src='https://s3.amazonaws.com/pickture-perfect/costa_rica/img_184.JPG' style='max-height:400px; padding: 10px;'></img>,https://s3.amazonaws.com/pickture-perfect/costa_rica/img_184.JPG
img43,<img src='https://s3.amazonaws.com/pickture-perfect/costa_rica/img_330.JPG' style='max-height:400px; padding: 10px;'></img>,https://s3.amazonaws.com/pickture-perfect/costa_rica/img_330.JPG
img44,<img src='https://s3.amazonaws.com/pickture-perfect/costa_rica/img_247.JPG' style='max-height:400px; padding: 10px;'></img>,https://s3.amazonaws.com/pickture-perfect/costa_rica/img_247.JPG
img45,<img src='https://s3.amazonaws.com/pickture-perfect/costa_rica/img_96.JPG' style='max-height:400px; padding: 10px;'></img>,https://s3.amazonaws.com/pickture-perfect/costa_rica/img_96.JPG
img46,<img src='https://s3.amazonaws.com/pickture-perfect/costa_rica/img_334.JPG' style='max-height:400px; padding: 10px;'></img>,https://s3.amazonaws.com/pickture-perfect/costa_rica/img_334.JPG
img47,<img src='https://s3.amazonaws.com/pickture-perfect/costa_rica/img_63.JPG' style='max-height:400px; padding: 10px;'></img>,https://s3.amazonaws.com/pickture-perfect/costa_rica/img_63.JPG
img48,<img src='https://s3.amazonaws.com/pickture-perfect/costa_rica/img_171.JPG' style='max-height:400px; padding: 10px;'></img>,https://s3.amazonaws.com/pickture-perfect/costa_rica/img_171.JPG
img49,<img src='https://s3.amazonaws.com/pickture-perfect/costa_rica/img_269.JPG' style='max-height:400px; padding: 10px;'></img>,https://s3.amazonaws.com/pickture-perfect/costa_rica/img_269.JPG
img50,<img src='https://s3.amazonaws.com/pickture-perfect/costa_rica/img_224.JPG' style='max-height:400px; padding: 10px;'></img>,https://s3.amazonaws.com/pickture-perfect/costa_rica/img_224.JPG
img51,<img src='https://s3.amazonaws.com/pickture-perfect/costa_rica/img_228.JPG' style='max-height:400px; padding: 10px;'></img>,https://s3.amazonaws.com/pickture-perfect/costa_rica/img_228.JPG
img52,<img src='https://s3.amazonaws.com/pickture-perfect/costa_rica/img_5.JPG' style='max-height:400px; padding: 10px;'></img>,https://s3.amazonaws.com/pickture-perfect/costa_rica/img_5.JPG
img53,<img src='https://s3.amazonaws.com/pickture-perfect/costa_rica/img_203.JPG' style='max-height:400px; padding: 10px;'></img>,https://s3.amazonaws.com/pickture-perfect/costa_rica/img_203.JPG
img54,<img src='https://s3.amazonaws.com/pickture-perfect/costa_rica/img_253.JPG' style='max-height:400px; padding: 10px;'></img>,https://s3.amazonaws.com/pickture-perfect/costa_rica/img_253.JPG
img55,<img src='https://s3.amazonaws.com/pickture-perfect/costa_rica/img_274.JPG' style='max-height:400px; padding: 10px;'></img>,https://s3.amazonaws.com/pickture-perfect/costa_rica/img_274.JPG
img56,<img src='https://s3.amazonaws.com/pickture-perfect/costa_rica/img_187.JPG' style='max-height:400px; padding: 10px;'></img>,https://s3.amazonaws.com/pickture-perfect/costa_rica/img_187.JPG
img57,<img src='https://s3.amazonaws.com/pickture-perfect/costa_rica/img_72.JPG' style='max-height:400px; padding: 10px;'></img>,https://s3.amazonaws.com/pickture-perfect/costa_rica/img_72.JPG
img58,<img src='https://s3.amazonaws.com/pickture-perfect/costa_rica/img_70.JPG' style='max-height:400px; padding: 10px;'></img>,https://s3.amazonaws.com/pickture-perfect/costa_rica/img_70.JPG
img59,<img src='https://s3.amazonaws.com/pickture-perfect/costa_rica/img_41.JPG' style='max-height:400px; padding: 10px;'></img>,https://s3.amazonaws.com/pickture-perfect/costa_rica/img_41.JPG
img60,<img src='https://s3.amazonaws.com/pickture-perfect/costa_rica/img_284.JPG' style='max-height:400px; padding: 10px;'></img>,https://s3.amazonaws.com/pickture-perfect/costa_rica/img_284.JPG
img61,<img src='https://s3.amazonaws.com/pickture-perfect/costa_rica/img_207.JPG' style='max-height:400px; padding: 10px;'></img>,https://s3.amazonaws.com/pickture-perfect/costa_rica/img_207.JPG
img62,<img src='https://s3.amazonaws.com/pickture-perfect/costa_rica/img_4.JPG' style='max-height:400px; padding: 10px;'></img>,https://s3.amazonaws.com/pickture-perfect/costa_rica/img_4.JPG
img63,<img src='https://s3.amazonaws.com/pickture-perfect/costa_rica/img_155.JPG' style='max-height:400px; padding: 10px;'></img>,https://s3.amazonaws.com/pickture-perfect/costa_rica/img_155.JPG
img64,<img src='https://s3.amazonaws.com/pickture-perfect/costa_rica/img_48.JPG' style='max-height:400px; padding: 10px;'></img>,https://s3.amazonaws.com/pickture-perfect/costa_rica/img_48.JPG
img65,<img src='https://s3.amazonaws.com/pickture-perfect/costa_rica/img_281.JPG' style='max-height:400px; padding: 10px;'></img>,https://s3.amazonaws.com/pickture-perfect/costa_rica/img_281.JPG
img66,<img src='https://s3.amazonaws.com/pickture-perfect/costa_rica/img_52.JPG' style='max-height:400px; padding: 10px;'></img>,https://s3.amazonaws.com/pickture-perfect/costa_rica/img_52.JPG
img67,<img src='https://s3.amazonaws.com/pickture-perfect/costa_rica/img_331.JPG' style='max-height:400px; padding: 10px;'></img>,https://s3.amazonaws.com/pickture-perfect/costa_rica/img_331.JPG
img68,<img src='https://s3.amazonaws.com/pickture-perfect/costa_rica/img_246.JPG' style='max-height:400px; padding: 10px;'></img>,https://s3.amazonaws.com/pickture-perfect/costa_rica/img_246.JPG
img69,<img src='https://s3.amazonaws.com/pickture-perfect/costa_rica/img_35.JPG' style='max-height:400px; padding: 10px;'></img>,https://s3.amazonaws.com/pickture-perfect/costa_rica/img_35.JPG
img70,<img src='https://s3.amazonaws.com/pickture-perfect/costa_rica/img_153.JPG' style='max-height:400px; padding: 10px;'></img>,https://s3.amazonaws.com/pickture-perfect/costa_rica/img_153.JPG
img71,<img src='https://s3.amazonaws.com/pickture-perfect/costa_rica/img_53.JPG' style='max-height:400px; padding: 10px;'></img>,https://s3.amazonaws.com/pickture-perfect/costa_rica/img_53.JPG
img72,<img src='https://s3.amazonaws.com/pickture-perfect/costa_rica/img_156.JPG' style='max-height:400px; padding: 10px;'></img>,https://s3.amazonaws.com/pickture-perfect/costa_rica/img_156.JPG
img73,<img src='https://s3.amazonaws.com/pickture-perfect/costa_rica/img_145.JPG' style='max-height:400px; padding: 10px;'></img>,https://s3.amazonaws.com/pickture-perfect/costa_rica/img_145.JPG
img74,<img src='https://s3.amazonaws.com/pickture-perfect/costa_rica/neg_23.JPG' style='max-height:400px; padding: 10px;'></img>,https://s3.amazonaws.com/pickture-perfect/costa_rica/neg_23.JPG
img75,<img src='https://s3.amazonaws.com/pickture-perfect/costa_rica/neg_24.JPG' style='max-height:400px; padding: 10px;'></img>,https://s3.amazonaws.com/pickture-perfect/costa_rica/neg_24.JPG
img76,<img src='https://s3.amazonaws.com/pickture-perfect/costa_rica/neg_25.JPG' style='max-height:400px; padding: 10px;'></img>,https://s3.amazonaws.com/pickture-perfect/costa_rica/neg_25.JPG
img77,<img src='https://s3.amazonaws.com/pickture-perfect/costa_rica/neg_3.JPG' style='max-height:400px; padding: 10px;'></img>,https://s3.amazonaws.com/pickture-perfect/costa_rica/neg_3.JPG
img78,<img src='https://s3.amazonaws.com/pickture-perfect/costa_rica/neg_4.JPG' style='max-height:400px; padding: 10px;'></img>,https://s3.amazonaws.com/pickture-perfect/costa_rica/neg_4.JPG
img79,<img src='https://s3.amazonaws.com/pickture-perfect/costa_rica/neg_5.JPG' style='max-height:400px; padding: 10px;'></img>,https://s3.amazonaws.com/pickture-perfect/costa_rica/neg_5.JPG
img80,<img src='https://s3.amazonaws.com/pickture-perfect/costa_rica/neg_6.JPG' style='max-height:400px; padding: 10px;'></img>,https://s3.amazonaws.com/pickture-perfect/costa_rica/neg_6.JPG