img1,<img src='https://s3.amazonaws.com/pickture-perfect/costa_rica/img_150.JPG' style='max-height:400px; padding: 10px;'></img>,https://s3.amazonaws.com/pickture-perfect/costa_rica/img_150.JPG
img2,<img src='https://s3.amazonaws.com/pickture-perfect/costa_rica/img_245.JPG' style='max-height:400px; padding: 10px;'></img>,https://s3.amazonaws.com/pickture-perfect/costa_rica/img_245.JPG
img3,<img src='https://s3.amazonaws.com/pickture-perfect/costa_rica/img_326.JPG' style='max-height:400px; padding: 10px;'></img>,https://s3.amazonaws.com/pickture-perfect/costa_rica/img_326.JPG
img4,<img src='https://s3.amazonaws.com/pickture-perfect/costa_rica/img_243.JPG' style='max-height:400px; padding: 10px;'></img>,https://s3.amazonaws.com/pickture-perfect/costa_rica/img_243.JPG
img5,<img src='https://s3.amazonaws.com/pickture-perfect/costa_rica/img_68.JPG' style='max-height:400px; padding: 10px;'></img>,https://s3.amazonaws.com/pickture-perfect/costa_rica/img_68.JPG
img6,<img src='https://s3.amazonaws.com/pickture-perfect/costa_rica/img_247.JPG' style='max-height:400px; padding: 10px;'></img>,https://s3.amazonaws.com/pickture-perfect/costa_rica/img_247.JPG
img7,<img src='https://s3.amazonaws.com/pickture-perfect/costa_rica/img_219.JPG' style='max-height:400px; padding: 10px;'></img>,https://s3.amazonaws.com/pickture-perfect/costa_rica/img_219.JPG
img8,<img src='https://s3.amazonaws.com/pickture-perfect/costa_rica/img_58.JPG' style='max-height:400px; padding: 10px;'></img>,https://s3.amazonaws.com/pickture-perfect/costa_rica/img_58.JPG
img9,<img src='https://s3.amazonaws.com/pickture-perfect/costa_rica/img_53.JPG' style='max-height:400px; padding: 10px;'></img>,https://s3.amazonaws.com/pickture-perfect/costa_rica/img_53.JPG
img10,<img src='https://s3.amazonaws.com/pickture-perfect/costa_rica/img_277.JPG' style='max-height:400px; padding: 10px;'></img>,https://s3.amazonaws.com/pickture-perfect/costa_rica/img_277.JPG
img11,<img src='https://s3.amazonaws.com/pickture-perfect/costa_rica/img_40.JPG' style='max-height:400px; padding: 10px;'></img>,https://s3.amazonaws.com/pickture-perfect/costa_rica/img_40.JPG
img12,<img src='https://s3.amazonaws.com/pickture-perfect/costa_rica/img_199.JPG' style='max-height:400px; padding: 10px;'></img>,https://s3.amazonaws.com/pickture-perfect/costa_rica/img_199.JPG
img13,<img src='https://s3.amazonaws.com/pickture-perfect/costa_rica/img_52.JPG' style='max-height:400px; padding: 10px;'></img>,https://s3.amazonaws.com/pickture-perfect/costa_rica/img_52.JPG
img14,<img src='https://s3.amazonaws.com/pickture-perfect/costa_rica/img_67.JPG' style='max-height:400px; padding: 10px;'></img>,https://s3.amazonaws.com/pickture-perfect/costa_rica/img_67.JPG
img15,<img src='https://s3.amazonaws.com/pickture-perfect/costa_rica/img_130.JPG' style='max-height:400px; padding: 10px;'></img>,https://s3.amazonaws.com/pickture-perfect/costa_rica/img_130.JPG
img16,<img src='https://s3.amazonaws.com/pickture-perfect/costa_rica/img_49.JPG' style='max-height:400px; padding: 10px;'></img>,https://s3.amazonaws.com/pickture-perfect/costa_rica/img_49.JPG
img17,<img src='https://s3.amazonaws.com/pickture-perfect/costa_rica/img_113.JPG' style='max-height:400px; padding: 10px;'></img>,https://s3.amazonaws.com/pickture-perfect/costa_rica/img_113.JPG
img18,<img src='https://s3.amazonaws.com/pickture-perfect/costa_rica/img_61.JPG' style='max-height:400px; padding: 10px;'></img>,https://s3.amazonaws.com/pickture-perfect/costa_rica/img_61.JPG
img19,<img src='https://s3.amazonaws.com/pickture-perfect/costa_rica/img_92.JPG' style='max-height:400px; padding: 10px;'></img>,https://s3.amazonaws.com/pickture-perfect/costa_rica/img_92.JPG
img20,<img src='https://s3.amazonaws.com/pickture-perfect/costa_rica/img_109.JPG' style='max-height:400px; padding: 10px;'></img>,https://s3.amazonaws.com/pickture-perfect/costa_rica/img_109.JPG
img21,<img src='https://s3.amazonaws.com/pickture-perfect/costa_rica/img_244.JPG' style='max-height:400px; padding: 10px;'></img>,https://s3.amazonaws.com/pickture-perfect/costa_rica/img_244.JPG
img22,<img src='https://s3.amazonaws.com/pickture-perfect/costa_rica/img_144.JPG' style='max-height:400px; padding: 10px;'></img>,https://s3.amazonaws.com/pickture-perfect/costa_rica/img_144.JPG
img23,<img src='https://s3.amazonaws.com/pickture-perfect/costa_rica/img_167.JPG' style='max-height:400px; padding: 10px;'></img>,https://s3.amazonaws.com/pickture-perfect/costa_rica/img_167.JPG
img24,<img src='https://s3.amazonaws.com/pickture-perfect/costa_rica/img_310.JPG' style='max-height:400px; padding: 10px;'></img>,https://s3.amazonaws.com/pickture-perfect/costa_rica/img_310.JPG
img25,<img src='https://s3.amazonaws.com/pickture-perfect/costa_rica/img_36.JPG' style='max-height:400px; padding: 10px;'></img>,https://s3.amazonaws.com/pickture-perfect/costa_rica/img_36.JPG
img26,<img src='https://s3.amazonaws.com/pickture-perfect/costa_rica/img_289.JPG' style='max-height:400px; padding: 10px;'></img>,https://s3.amazonaws.com/pickture-perfect/costa_rica/img_289.JPG
img27,<img src='https://s3.amazonaws.com/pickture-perfect/costa_rica/img_51.JPG' style='max-height:400px; padding: 10px;'></img>,https://s3.amazonaws.com/pickture-perfect/costa_rica/img_51.JPG
img28,<img src='https://s3.amazonaws.com/pickture-perfect/costa_rica/img_171.JPG' style='max-height:400px; padding: 10px;'></img>,https://s3.amazonaws.com/pickture-perfect/costa_rica/img_171.JPG
img29,<img src='https://s3.amazonaws.com/pickture-perfect/costa_rica/img_213.JPG' style='max-height:400px; padding: 10px;'></img>,https://s3.amazonaws.com/pickture-perfect/costa_rica/img_213.JPG
img30,<img src='https://s3.amazonaws.com/pickture-perfect/costa_rica/img_324.JPG' style='max-height:400px; padding: 10px;'></img>,https://s3.amazonaws.com/pickture-perfect/costa_rica/img_324.JPG
img31,<img src='https://s3.amazonaws.com/pickture-perfect/costa_rica/img_63.JPG' style='max-height:400px; padding: 10px;'></img>,https://s3.amazonaws.com/pickture-perfect/costa_rica/img_63.JPG
img32,<img src='https://s3.amazonaws.com/pickture-perfect/costa_rica/img_287.JPG' style='max-height:400px; padding: 10px;'></img>,https://s3.amazonaws.com/pickture-perfect/costa_rica/img_287.JPG
img33,<img src='https://s3.amazonaws.com/pickture-perfect/costa_rica/img_91.JPG' style='max-height:400px; padding: 10px;'></img>,https://s3.amazonaws.com/pickture-perfect/costa_rica/img_91.JPG
img34,<img src='https://s3.amazonaws.com/pickture-perfect/costa_rica/img_35.JPG' style='max-height:400px; padding: 10px;'></img>,https://s3.amazonaws.com/pickture-perfect/costa_rica/img_35.JPG
img35,<img src='https://s3.amazonaws.com/pickture-perfect/costa_rica/img_181.JPG' style='max-height:400px; padding: 10px;'></img>,https://s3.amazonaws.com/pickture-perfect/costa_rica/img_181.JPG
img36,<img src='https://s3.amazonaws.com/pickture-perfect/costa_rica/img_128.JPG' style='max-height:400px; padding: 10px;'></img>,https://s3.amazonaws.com/pickture-perfect/costa_rica/img_128.JPG
img37,<img src='https://s3.amazonaws.com/pickture-perfect/costa_rica/img_332.JPG' style='max-height:400px; padding: 10px;'></img>,https://s3.amazonaws.com/pickture-perfect/costa_rica/img_332.JPG
img38,<img src='https://s3.amazonaws.com/pickture-perfect/costa_rica/img_293.JPG' style='max-height:400px; padding: 10px;'></img>,https://s3.amazonaws.com/pickture-perfect/costa_rica/img_293.JPG
img39,<img src='https://s3.amazonaws.com/pickture-perfect/costa_rica/img_11.JPG' style='max-height:400px; padding: 10px;'></img>,https://s3.amazonaws.com/pickture-perfect/costa_rica/img_11.JPG
img40,<img src='https://s3.amazonaws.com/pickture-perfect/costa_rica/img_279.JPG' style='max-height:400px; padding: 10px;'></img>,https://s3.amazonaws.com/pickture-perfect/costa_rica/img_279.JPG
img41,<img src='https://s3.amazonaws.com/pickture-perfect/costa_rica/img_105.JPG' style='max-height:400px; padding: 10px;'></img>,https://s3.amazonaws.com/pickture-perfect/costa_rica/img_105.JPG
img42,<img src='https://s3.amazonaws.com/pickture-perfect/costa_rica/img_66.JPG' style='max-height:400px; padding: 10px;'></img>,https://s3.amazonaws.com/pickture-perfect/costa_rica/img_66.JPG
img43,<img src='https://s3.amazonaws.com/pickture-perfect/costa_rica/img_200.JPG' style='max-height:400px; padding: 10px;'></img>,https://s3.amazonaws.com/pickture-perfect/costa_rica/img_200.JPG
img44,<img src='https://s3.amazonaws.com/pickture-perfect/costa_rica/img_34.JPG' style='max-height:400px; padding: 10px;'></img>,https://s3.amazonaws.com/pickture-perfect/costa_rica/img_34.JPG
img45,<img src='https://s3.amazonaws.com/pickture-perfect/costa_rica/img_186.JPG' style='max-height:400px; padding: 10px;'></img>,https://s3.amazonaws.com/pickture-perfect/costa_rica/img_186.JPG
img46,<img src='https://s3.amazonaws.com/pickture-perfect/costa_rica/img_161.JPG' style='max-height:400px; padding: 10px;'></img>,https://s3.amazonaws.com/pickture-perfect/costa_rica/img_161.JPG
img47,<img src='https://s3.amazonaws.com/pickture-perfect/costa_rica/img_42.JPG' style='max-height:400px; padding: 10px;'></img>,https://s3.amazonaws.com/pickture-perfect/costa_rica/img_42.JPG
img48,<img src='https://s3.amazonaws.com/pickture-perfect/costa_rica/img_65.JPG' style='max-height:400px; padding: 10px;'></img>,https://s3.amazonaws.com/pickture-perfect/costa_rica/img_65.JPG
img49,<img src='https://s3.amazonaws.com/pickture-perfect/costa_rica/img_180.JPG' style='max-height:400px; padding: 10px;'></img>,https://s3.amazonaws.com/pickture-perfect/costa_rica/img_180.JPG
img50,<img src='https://s3.amazonaws.com/pickture-perfect/costa_rica/img_41.JPG' style='max-height:400px; padding: 10px;'></img>,https://s3.amazonaws.com/pickture-perfect/costa_rica/img_41.JPG
img51,<img src='https://s3.amazonaws.com/pickture-perfect/costa_rica/img_146.JPG' style='max-height:400px; padding: 10px;'></img>,https://s3.amazonaws.com/pickture-perfect/costa_rica/img_146.JPG
img52,<img src='https://s3.amazonaws.com/pickture-perfect/costa_rica/img_198.JPG' style='max-height:400px; padding: 10px;'></img>,https://s3.amazonaws.com/pickture-perfect/costa_rica/img_198.JPG
img53,<img src='https://s3.amazonaws.com/pickture-perfect/costa_rica/img_46.JPG' style='max-height:400px; padding: 10px;'></img>,https://s3.amazonaws.com/pickture-perfect/costa_rica/img_46.JPG
img54,<img src='https://s3.amazonaws.com/pickture-perfect/costa_rica/img_70.JPG' style='max-height:400px; padding: 10px;'></img>,https://s3.amazonaws.com/pickture-perfect/costa_rica/img_70.JPG
img55,<img src='https://s3.amazonaws.com/pickture-perfect/costa_rica/img_119.JPG' style='max-height:400px; padding: 10px;'></img>,https://s3.amazonaws.com/pickture-perfect/costa_rica/img_119.JPG
img56,<img src='https://s3.amazonaws.com/pickture-perfect/costa_rica/img_338.JPG' style='max-height:400px; padding: 10px;'></img>,https://s3.amazonaws.com/pickture-perfect/costa_rica/img_338.JPG
img57,<img src='https://s3.amazonaws.com/pickture-perfect/costa_rica/img_170.JPG' style='max-height:400px; padding: 10px;'></img>,https://s3.amazonaws.com/pickture-perfect/costa_rica/img_170.JPG
img58,<img src='https://s3.amazonaws.com/pickture-perfect/costa_rica/img_264.JPG' style='max-height:400px; padding: 10px;'></img>,https://s3.amazonaws.com/pickture-perfect/costa_rica/img_264.JPG
img59,<img src='https://s3.amazonaws.com/pickture-perfect/costa_rica/img_74.JPG' style='max-height:400px; padding: 10px;'></img>,https://s3.amazonaws.com/pickture-perfect/costa_rica/img_74.JPG
img60,<img src='https://s3.amazonaws.com/pickture-perfect/costa_rica/img_165.JPG' style='max-height:400px; padding: 10px;'></img>,https://s3.amazonaws.com/pickture-perfect/costa_rica/img_165.JPG
img61,<img src='https://s3.amazonaws.com/pickture-perfect/costa_rica/img_197.JPG' style='max-height:400px; padding: 10px;'></img>,https://s3.amazonaws.com/pickture-perfect/costa_rica/img_197.JPG
img62,<img src='https://s3.amazonaws.com/pickture-perfect/costa_rica/img_96.JPG' style='max-height:400px; padding: 10px;'></img>,https://s3.amazonaws.com/pickture-perfect/costa_rica/img_96.JPG
img63,<img src='https://s3.amazonaws.com/pickture-perfect/costa_rica/img_54.JPG' style='max-height:400px; padding: 10px;'></img>,https://s3.amazonaws.com/pickture-perfect/costa_rica/img_54.JPG
img64,<img src='https://s3.amazonaws.com/pickture-perfect/costa_rica/img_280.JPG' style='max-height:400px; padding: 10px;'></img>,https://s3.amazonaws.com/pickture-perfect/costa_rica/img_280.JPG
img65,<img src='https://s3.amazonaws.com/pickture-perfect/costa_rica/img_320.JPG' style='max-height:400px; padding: 10px;'></img>,https://s3.amazonaws.com/pickture-perfect/costa_rica/img_320.JPG
img66,<img src='https://s3.amazonaws.com/pickture-perfect/costa_rica/img_268.JPG' style='max-height:400px; padding: 10px;'></img>,https://s3.amazonaws.com/pickture-perfect/costa_rica/img_268.JPG
img67,<img src='https://s3.amazonaws.com/pickture-perfect/costa_rica/img_155.JPG' style='max-height:400px; padding: 10px;'></img>,https://s3.amazonaws.com/pickture-perfect/costa_rica/img_155.JPG
img68,<img src='https://s3.amazonaws.com/pickture-perfect/costa_rica/img_37.JPG' style='max-height:400px; padding: 10px;'></img>,https://s3.amazonaws.com/pickture-perfect/costa_rica/img_37.JPG
img69,<img src='https://s3.amazonaws.com/pickture-perfect/costa_rica/img_267.JPG' style='max-height:400px; padding: 10px;'></img>,https://s3.amazonaws.com/pickture-perfect/costa_rica/img_267.JPG
img70,<img src='https://s3.amazonaws.com/pickture-perfect/costa_rica/img_148.JPG' style='max-height:400px; padding: 10px;'></img>,https://s3.amazonaws.com/pickture-perfect/costa_rica/img_148.JPG
img71,<img src='https://s3.amazonaws.com/pickture-perfect/costa_rica/img_196.JPG' style='max-height:400px; padding: 10px;'></img>,https://s3.amazonaws.com/pickture-perfect/costa_rica/img_196.JPG
img72,<img src='https://s3.amazonaws.com/pickture-perfect/costa_rica/img_246.JPG' style='max-height:400px; padding: 10px;'></img>,https://s3.amazonaws.com/pickture-perfect/costa_rica/img_246.JPG
img73,<img src='https://s3.amazonaws.com/pickture-perfect/costa_rica/neg_16.JPG' style='max-height:400px; padding: 10px;'></img>,https://s3.amazonaws.com/pickture-perfect/costa_rica/neg_16.JPG
img74,<img src='https://s3.amazonaws.com/pickture-perfect/costa_rica/neg_23.JPG' style='max-height:400px; padding: 10px;'></img>,https://s3.amazonaws.com/pickture-perfect/costa_rica/neg_23.JPG
img75,<img src='https://s3.amazonaws.com/pickture-perfect/costa_rica/neg_24.JPG' style='max-height:400px; padding: 10px;'></img>,https://s3.amazonaws.com/pickture-perfect/costa_rica/neg_24.JPG
img76,<img src='https://s3.amazonaws.com/pickture-perfect/costa_rica/neg_25.JPG' style='max-height:400px; padding: 10px;'></img>,https://s3.amazonaws.com/pickture-perfect/costa_rica/neg_25.JPG
img77,<img src='https://s3.amazonaws.com/pickture-perfect/costa_rica/neg_3.JPG' style='max-height:400px; padding: 10px;'></img>,https://s3.amazonaws.com/pickture-perfect/costa_rica/neg_3.JPG
img78,<img src='https://s3.amazonaws.com/pickture-perfect/costa_rica/neg_4.JPG' style='max-height:400px; padding: 10px;'></img>,https://s3.amazonaws.com/pickture-perfect/costa_rica/neg_4.JPG
img79,<img src='https://s3.amazonaws.com/pickture-perfect/costa_rica/neg_5.JPG' style='max-height:400px; padding: 10px;'></img>,https://s3.amazonaws.com/pickture-perfect/costa_rica/neg_5.JPG
img80,<img src='https://s3.amazonaws.com/pickture-perfect/costa_rica/neg_6.JPG' style='max-height:400px; padding: 10px;'></img>,https://s3.amazonaws.com/pickture-perfect/costa_rica/neg_6.JPG