img1,<img src='https://s3.amazonaws.com/pickture-perfect/greece/img_198.jpg' style='max-height:400px; padding: 10px;'></img>,https://s3.amazonaws.com/pickture-perfect/greece/img_198.jpg
img2,<img src='https://s3.amazonaws.com/pickture-perfect/greece/img_44.jpg' style='max-height:400px; padding: 10px;'></img>,https://s3.amazonaws.com/pickture-perfect/greece/img_44.jpg
img3,<img src='https://s3.amazonaws.com/pickture-perfect/greece/img_159.jpg' style='max-height:400px; padding: 10px;'></img>,https://s3.amazonaws.com/pickture-perfect/greece/img_159.jpg
img4,<img src='https://s3.amazonaws.com/pickture-perfect/greece/img_9.jpg' style='max-height:400px; padding: 10px;'></img>,https://s3.amazonaws.com/pickture-perfect/greece/img_9.jpg
img5,<img src='https://s3.amazonaws.com/pickture-perfect/greece/img_125.jpeg' style='max-height:400px; padding: 10px;'></img>,https://s3.amazonaws.com/pickture-perfect/greece/img_125.jpeg
img6,<img src='https://s3.amazonaws.com/pickture-perfect/greece/img_192.jpg' style='max-height:400px; padding: 10px;'></img>,https://s3.amazonaws.com/pickture-perfect/greece/img_192.jpg
img7,<img src='https://s3.amazonaws.com/pickture-perfect/greece/img_200.jpeg' style='max-height:400px; padding: 10px;'></img>,https://s3.amazonaws.com/pickture-perfect/greece/img_200.jpeg
img8,<img src='https://s3.amazonaws.com/pickture-perfect/greece/img_4.jpg' style='max-height:400px; padding: 10px;'></img>,https://s3.amazonaws.com/pickture-perfect/greece/img_4.jpg
img9,<img src='https://s3.amazonaws.com/pickture-perfect/greece/img_7.jpg' style='max-height:400px; padding: 10px;'></img>,https://s3.amazonaws.com/pickture-perfect/greece/img_7.jpg
img10,<img src='https://s3.amazonaws.com/pickture-perfect/greece/img_197.jpg' style='max-height:400px; padding: 10px;'></img>,https://s3.amazonaws.com/pickture-perfect/greece/img_197.jpg
img11,<img src='https://s3.amazonaws.com/pickture-perfect/greece/img_35.jpg' style='max-height:400px; padding: 10px;'></img>,https://s3.amazonaws.com/pickture-perfect/greece/img_35.jpg
img12,<img src='https://s3.amazonaws.com/pickture-perfect/greece/img_190.jpg' style='max-height:400px; padding: 10px;'></img>,https://s3.amazonaws.com/pickture-perfect/greece/img_190.jpg
img13,<img src='https://s3.amazonaws.com/pickture-perfect/greece/img_139.jpg' style='max-height:400px; padding: 10px;'></img>,https://s3.amazonaws.com/pickture-perfect/greece/img_139.jpg
img14,<img src='https://s3.amazonaws.com/pickture-perfect/greece/img_95.jpg' style='max-height:400px; padding: 10px;'></img>,https://s3.amazonaws.com/pickture-perfect/greece/img_95.jpg
img15,<img src='https://s3.amazonaws.com/pickture-perfect/greece/img_111.jpg' style='max-height:400px; padding: 10px;'></img>,https://s3.amazonaws.com/pickture-perfect/greece/img_111.jpg
img16,<img src='https://s3.amazonaws.com/pickture-perfect/greece/img_152.jpg' style='max-height:400px; padding: 10px;'></img>,https://s3.amazonaws.com/pickture-perfect/greece/img_152.jpg
img17,<img src='https://s3.amazonaws.com/pickture-perfect/greece/img_85.jpg' style='max-height:400px; padding: 10px;'></img>,https://s3.amazonaws.com/pickture-perfect/greece/img_85.jpg
img18,<img src='https://s3.amazonaws.com/pickture-perfect/greece/img_14.jpg' style='max-height:400px; padding: 10px;'></img>,https://s3.amazonaws.com/pickture-perfect/greece/img_14.jpg
img19,<img src='https://s3.amazonaws.com/pickture-perfect/greece/img_135.jpg' style='max-height:400px; padding: 10px;'></img>,https://s3.amazonaws.com/pickture-perfect/greece/img_135.jpg
img20,<img src='https://s3.amazonaws.com/pickture-perfect/greece/img_115.jpg' style='max-height:400px; padding: 10px;'></img>,https://s3.amazonaws.com/pickture-perfect/greece/img_115.jpg
img21,<img src='https://s3.amazonaws.com/pickture-perfect/greece/img_102.jpeg' style='max-height:400px; padding: 10px;'></img>,https://s3.amazonaws.com/pickture-perfect/greece/img_102.jpeg
img22,<img src='https://s3.amazonaws.com/pickture-perfect/greece/img_34.jpg' style='max-height:400px; padding: 10px;'></img>,https://s3.amazonaws.com/pickture-perfect/greece/img_34.jpg
img23,<img src='https://s3.amazonaws.com/pickture-perfect/greece/img_40.jpg' style='max-height:400px; padding: 10px;'></img>,https://s3.amazonaws.com/pickture-perfect/greece/img_40.jpg
img24,<img src='https://s3.amazonaws.com/pickture-perfect/greece/img_116.jpg' style='max-height:400px; padding: 10px;'></img>,https://s3.amazonaws.com/pickture-perfect/greece/img_116.jpg
img25,<img src='https://s3.amazonaws.com/pickture-perfect/greece/img_18.jpg' style='max-height:400px; padding: 10px;'></img>,https://s3.amazonaws.com/pickture-perfect/greece/img_18.jpg
img26,<img src='https://s3.amazonaws.com/pickture-perfect/greece/img_131.jpeg' style='max-height:400px; padding: 10px;'></img>,https://s3.amazonaws.com/pickture-perfect/greece/img_131.jpeg
img27,<img src='https://s3.amazonaws.com/pickture-perfect/greece/img_45.jpg' style='max-height:400px; padding: 10px;'></img>,https://s3.amazonaws.com/pickture-perfect/greece/img_45.jpg
img28,<img src='https://s3.amazonaws.com/pickture-perfect/greece/img_103.jpeg' style='max-height:400px; padding: 10px;'></img>,https://s3.amazonaws.com/pickture-perfect/greece/img_103.jpeg
img29,<img src='https://s3.amazonaws.com/pickture-perfect/greece/img_42.jpg' style='max-height:400px; padding: 10px;'></img>,https://s3.amazonaws.com/pickture-perfect/greece/img_42.jpg
img30,<img src='https://s3.amazonaws.com/pickture-perfect/greece/img_15.jpg' style='max-height:400px; padding: 10px;'></img>,https://s3.amazonaws.com/pickture-perfect/greece/img_15.jpg
img31,<img src='https://s3.amazonaws.com/pickture-perfect/greece/img_16.jpg' style='max-height:400px; padding: 10px;'></img>,https://s3.amazonaws.com/pickture-perfect/greece/img_16.jpg
img32,<img src='https://s3.amazonaws.com/pickture-perfect/greece/img_106.jpg' style='max-height:400px; padding: 10px;'></img>,https://s3.amazonaws.com/pickture-perfect/greece/img_106.jpg
img33,<img src='https://s3.amazonaws.com/pickture-perfect/greece/img_76.jpg' style='max-height:400px; padding: 10px;'></img>,https://s3.amazonaws.com/pickture-perfect/greece/img_76.jpg
img34,<img src='https://s3.amazonaws.com/pickture-perfect/greece/img_101.jpeg' style='max-height:400px; padding: 10px;'></img>,https://s3.amazonaws.com/pickture-perfect/greece/img_101.jpeg
img35,<img src='https://s3.amazonaws.com/pickture-perfect/greece/img_99.jpg' style='max-height:400px; padding: 10px;'></img>,https://s3.amazonaws.com/pickture-perfect/greece/img_99.jpg
img36,<img src='https://s3.amazonaws.com/pickture-perfect/greece/img_105.jpg' style='max-height:400px; padding: 10px;'></img>,https://s3.amazonaws.com/pickture-perfect/greece/img_105.jpg
img37,<img src='https://s3.amazonaws.com/pickture-perfect/greece/img_126.jpeg' style='max-height:400px; padding: 10px;'></img>,https://s3.amazonaws.com/pickture-perfect/greece/img_126.jpeg
img38,<img src='https://s3.amazonaws.com/pickture-perfect/greece/img_22.jpg' style='max-height:400px; padding: 10px;'></img>,https://s3.amazonaws.com/pickture-perfect/greece/img_22.jpg
img39,<img src='https://s3.amazonaws.com/pickture-perfect/greece/img_158.jpg' style='max-height:400px; padding: 10px;'></img>,https://s3.amazonaws.com/pickture-perfect/greece/img_158.jpg
img40,<img src='https://s3.amazonaws.com/pickture-perfect/greece/img_182.jpg' style='max-height:400px; padding: 10px;'></img>,https://s3.amazonaws.com/pickture-perfect/greece/img_182.jpg
img41,<img src='https://s3.amazonaws.com/pickture-perfect/greece/img_37.jpg' style='max-height:400px; padding: 10px;'></img>,https://s3.amazonaws.com/pickture-perfect/greece/img_37.jpg
img42,<img src='https://s3.amazonaws.com/pickture-perfect/greece/img_36.jpg' style='max-height:400px; padding: 10px;'></img>,https://s3.amazonaws.com/pickture-perfect/greece/img_36.jpg
img43,<img src='https://s3.amazonaws.com/pickture-perfect/greece/img_23.jpg' style='max-height:400px; padding: 10px;'></img>,https://s3.amazonaws.com/pickture-perfect/greece/img_23.jpg
img44,<img src='https://s3.amazonaws.com/pickture-perfect/greece/img_156.jpg' style='max-height:400px; padding: 10px;'></img>,https://s3.amazonaws.com/pickture-perfect/greece/img_156.jpg
img45,<img src='https://s3.amazonaws.com/pickture-perfect/greece/neg_1.jpg' style='max-height:400px; padding: 10px;'></img>,https://s3.amazonaws.com/pickture-perfect/greece/neg_1.jpg
img46,<img src='https://s3.amazonaws.com/pickture-perfect/greece/neg_10.jpg' style='max-height:400px; padding: 10px;'></img>,https://s3.amazonaws.com/pickture-perfect/greece/neg_10.jpg
img47,<img src='https://s3.amazonaws.com/pickture-perfect/greece/neg_11.jpeg' style='max-height:400px; padding: 10px;'></img>,https://s3.amazonaws.com/pickture-perfect/greece/neg_11.jpeg
img48,<img src='https://s3.amazonaws.com/pickture-perfect/greece/neg_2.jpg' style='max-height:400px; padding: 10px;'></img>,https://s3.amazonaws.com/pickture-perfect/greece/neg_2.jpg
img49,<img src='https://s3.amazonaws.com/pickture-perfect/greece/neg_3.jpg' style='max-height:400px; padding: 10px;'></img>,https://s3.amazonaws.com/pickture-perfect/greece/neg_3.jpg
img50,<img src='https://s3.amazonaws.com/pickture-perfect/greece/neg_4.jpg' style='max-height:400px; padding: 10px;'></img>,https://s3.amazonaws.com/pickture-perfect/greece/neg_4.jpg