img1,<img src='https://s3.amazonaws.com/pickture-perfect/greece/img_143.jpg' style='max-height:400px; padding: 10px;'></img>,https://s3.amazonaws.com/pickture-perfect/greece/img_143.jpg
img2,<img src='https://s3.amazonaws.com/pickture-perfect/greece/img_95.jpg' style='max-height:400px; padding: 10px;'></img>,https://s3.amazonaws.com/pickture-perfect/greece/img_95.jpg
img3,<img src='https://s3.amazonaws.com/pickture-perfect/greece/img_38.jpg' style='max-height:400px; padding: 10px;'></img>,https://s3.amazonaws.com/pickture-perfect/greece/img_38.jpg
img4,<img src='https://s3.amazonaws.com/pickture-perfect/greece/img_102.jpeg' style='max-height:400px; padding: 10px;'></img>,https://s3.amazonaws.com/pickture-perfect/greece/img_102.jpeg
img5,<img src='https://s3.amazonaws.com/pickture-perfect/greece/img_147.jpg' style='max-height:400px; padding: 10px;'></img>,https://s3.amazonaws.com/pickture-perfect/greece/img_147.jpg
img6,<img src='https://s3.amazonaws.com/pickture-perfect/greece/img_158.jpg' style='max-height:400px; padding: 10px;'></img>,https://s3.amazonaws.com/pickture-perfect/greece/img_158.jpg
img7,<img src='https://s3.amazonaws.com/pickture-perfect/greece/img_156.jpg' style='max-height:400px; padding: 10px;'></img>,https://s3.amazonaws.com/pickture-perfect/greece/img_156.jpg
img8,<img src='https://s3.amazonaws.com/pickture-perfect/greece/img_36.jpg' style='max-height:400px; padding: 10px;'></img>,https://s3.amazonaws.com/pickture-perfect/greece/img_36.jpg
img9,<img src='https://s3.amazonaws.com/pickture-perfect/greece/img_44.jpg' style='max-height:400px; padding: 10px;'></img>,https://s3.amazonaws.com/pickture-perfect/greece/img_44.jpg
img10,<img src='https://s3.amazonaws.com/pickture-perfect/greece/img_169.jpg' style='max-height:400px; padding: 10px;'></img>,https://s3.amazonaws.com/pickture-perfect/greece/img_169.jpg
img11,<img src='https://s3.amazonaws.com/pickture-perfect/greece/img_5.jpg' style='max-height:400px; padding: 10px;'></img>,https://s3.amazonaws.com/pickture-perfect/greece/img_5.jpg
img12,<img src='https://s3.amazonaws.com/pickture-perfect/greece/img_152.jpg' style='max-height:400px; padding: 10px;'></img>,https://s3.amazonaws.com/pickture-perfect/greece/img_152.jpg
img13,<img src='https://s3.amazonaws.com/pickture-perfect/greece/img_159.jpg' style='max-height:400px; padding: 10px;'></img>,https://s3.amazonaws.com/pickture-perfect/greece/img_159.jpg
img14,<img src='https://s3.amazonaws.com/pickture-perfect/greece/img_185.jpg' style='max-height:400px; padding: 10px;'></img>,https://s3.amazonaws.com/pickture-perfect/greece/img_185.jpg
img15,<img src='https://s3.amazonaws.com/pickture-perfect/greece/img_79.jpg' style='max-height:400px; padding: 10px;'></img>,https://s3.amazonaws.com/pickture-perfect/greece/img_79.jpg
img16,<img src='https://s3.amazonaws.com/pickture-perfect/greece/img_3.jpg' style='max-height:400px; padding: 10px;'></img>,https://s3.amazonaws.com/pickture-perfect/greece/img_3.jpg
img17,<img src='https://s3.amazonaws.com/pickture-perfect/greece/img_138.jpg' style='max-height:400px; padding: 10px;'></img>,https://s3.amazonaws.com/pickture-perfect/greece/img_138.jpg
img18,<img src='https://s3.amazonaws.com/pickture-perfect/greece/img_9.jpg' style='max-height:400px; padding: 10px;'></img>,https://s3.amazonaws.com/pickture-perfect/greece/img_9.jpg
img19,<img src='https://s3.amazonaws.com/pickture-perfect/greece/img_91.jpg' style='max-height:400px; padding: 10px;'></img>,https://s3.amazonaws.com/pickture-perfect/greece/img_91.jpg
img20,<img src='https://s3.amazonaws.com/pickture-perfect/greece/img_73.jpg' style='max-height:400px; padding: 10px;'></img>,https://s3.amazonaws.com/pickture-perfect/greece/img_73.jpg
img21,<img src='https://s3.amazonaws.com/pickture-perfect/greece/img_128.jpeg' style='max-height:400px; padding: 10px;'></img>,https://s3.amazonaws.com/pickture-perfect/greece/img_128.jpeg
img22,<img src='https://s3.amazonaws.com/pickture-perfect/greece/img_61.jpg' style='max-height:400px; padding: 10px;'></img>,https://s3.amazonaws.com/pickture-perfect/greece/img_61.jpg
img23,<img src='https://s3.amazonaws.com/pickture-perfect/greece/img_7.jpg' style='max-height:400px; padding: 10px;'></img>,https://s3.amazonaws.com/pickture-perfect/greece/img_7.jpg
img24,<img src='https://s3.amazonaws.com/pickture-perfect/greece/img_34.jpg' style='max-height:400px; padding: 10px;'></img>,https://s3.amazonaws.com/pickture-perfect/greece/img_34.jpg
img25,<img src='https://s3.amazonaws.com/pickture-perfect/greece/img_184.jpg' style='max-height:400px; padding: 10px;'></img>,https://s3.amazonaws.com/pickture-perfect/greece/img_184.jpg
img26,<img src='https://s3.amazonaws.com/pickture-perfect/greece/img_180.jpg' style='max-height:400px; padding: 10px;'></img>,https://s3.amazonaws.com/pickture-perfect/greece/img_180.jpg
img27,<img src='https://s3.amazonaws.com/pickture-perfect/greece/img_26.jpg' style='max-height:400px; padding: 10px;'></img>,https://s3.amazonaws.com/pickture-perfect/greece/img_26.jpg
img28,<img src='https://s3.amazonaws.com/pickture-perfect/greece/img_40.jpg' style='max-height:400px; padding: 10px;'></img>,https://s3.amazonaws.com/pickture-perfect/greece/img_40.jpg
img29,<img src='https://s3.amazonaws.com/pickture-perfect/greece/img_155.jpg' style='max-height:400px; padding: 10px;'></img>,https://s3.amazonaws.com/pickture-perfect/greece/img_155.jpg
img30,<img src='https://s3.amazonaws.com/pickture-perfect/greece/img_170.jpg' style='max-height:400px; padding: 10px;'></img>,https://s3.amazonaws.com/pickture-perfect/greece/img_170.jpg
img31,<img src='https://s3.amazonaws.com/pickture-perfect/greece/img_28.jpg' style='max-height:400px; padding: 10px;'></img>,https://s3.amazonaws.com/pickture-perfect/greece/img_28.jpg
img32,<img src='https://s3.amazonaws.com/pickture-perfect/greece/img_6.jpg' style='max-height:400px; padding: 10px;'></img>,https://s3.amazonaws.com/pickture-perfect/greece/img_6.jpg
img33,<img src='https://s3.amazonaws.com/pickture-perfect/greece/img_153.jpg' style='max-height:400px; padding: 10px;'></img>,https://s3.amazonaws.com/pickture-perfect/greece/img_153.jpg
img34,<img src='https://s3.amazonaws.com/pickture-perfect/greece/img_205.jpg' style='max-height:400px; padding: 10px;'></img>,https://s3.amazonaws.com/pickture-perfect/greece/img_205.jpg
img35,<img src='https://s3.amazonaws.com/pickture-perfect/greece/img_4.jpg' style='max-height:400px; padding: 10px;'></img>,https://s3.amazonaws.com/pickture-perfect/greece/img_4.jpg
img36,<img src='https://s3.amazonaws.com/pickture-perfect/greece/img_76.jpg' style='max-height:400px; padding: 10px;'></img>,https://s3.amazonaws.com/pickture-perfect/greece/img_76.jpg
img37,<img src='https://s3.amazonaws.com/pickture-perfect/greece/img_101.jpeg' style='max-height:400px; padding: 10px;'></img>,https://s3.amazonaws.com/pickture-perfect/greece/img_101.jpeg
img38,<img src='https://s3.amazonaws.com/pickture-perfect/greece/img_160.jpg' style='max-height:400px; padding: 10px;'></img>,https://s3.amazonaws.com/pickture-perfect/greece/img_160.jpg
img39,<img src='https://s3.amazonaws.com/pickture-perfect/greece/img_137.jpg' style='max-height:400px; padding: 10px;'></img>,https://s3.amazonaws.com/pickture-perfect/greece/img_137.jpg
img40,<img src='https://s3.amazonaws.com/pickture-perfect/greece/img_135.jpg' style='max-height:400px; padding: 10px;'></img>,https://s3.amazonaws.com/pickture-perfect/greece/img_135.jpg
img41,<img src='https://s3.amazonaws.com/pickture-perfect/greece/img_142.jpg' style='max-height:400px; padding: 10px;'></img>,https://s3.amazonaws.com/pickture-perfect/greece/img_142.jpg
img42,<img src='https://s3.amazonaws.com/pickture-perfect/greece/img_41.jpg' style='max-height:400px; padding: 10px;'></img>,https://s3.amazonaws.com/pickture-perfect/greece/img_41.jpg
img43,<img src='https://s3.amazonaws.com/pickture-perfect/greece/img_45.jpg' style='max-height:400px; padding: 10px;'></img>,https://s3.amazonaws.com/pickture-perfect/greece/img_45.jpg
img44,<img src='https://s3.amazonaws.com/pickture-perfect/greece/img_103.jpeg' style='max-height:400px; padding: 10px;'></img>,https://s3.amazonaws.com/pickture-perfect/greece/img_103.jpeg
img45,<img src='https://s3.amazonaws.com/pickture-perfect/greece/neg_1.jpg' style='max-height:400px; padding: 10px;'></img>,https://s3.amazonaws.com/pickture-perfect/greece/neg_1.jpg
img46,<img src='https://s3.amazonaws.com/pickture-perfect/greece/neg_10.jpg' style='max-height:400px; padding: 10px;'></img>,https://s3.amazonaws.com/pickture-perfect/greece/neg_10.jpg
img47,<img src='https://s3.amazonaws.com/pickture-perfect/greece/neg_11.jpeg' style='max-height:400px; padding: 10px;'></img>,https://s3.amazonaws.com/pickture-perfect/greece/neg_11.jpeg
img48,<img src='https://s3.amazonaws.com/pickture-perfect/greece/neg_2.jpg' style='max-height:400px; padding: 10px;'></img>,https://s3.amazonaws.com/pickture-perfect/greece/neg_2.jpg
img49,<img src='https://s3.amazonaws.com/pickture-perfect/greece/neg_3.jpg' style='max-height:400px; padding: 10px;'></img>,https://s3.amazonaws.com/pickture-perfect/greece/neg_3.jpg
img50,<img src='https://s3.amazonaws.com/pickture-perfect/greece/neg_4.jpg' style='max-height:400px; padding: 10px;'></img>,https://s3.amazonaws.com/pickture-perfect/greece/neg_4.jpg