img1,<img src='https://s3.amazonaws.com/pickture-perfect/singapore/img_4.jpg' style='max-height:400px; padding: 10px;'></img>,https://s3.amazonaws.com/pickture-perfect/singapore/img_4.jpg
img2,<img src='https://s3.amazonaws.com/pickture-perfect/singapore/img_38.jpg' style='max-height:400px; padding: 10px;'></img>,https://s3.amazonaws.com/pickture-perfect/singapore/img_38.jpg
img3,<img src='https://s3.amazonaws.com/pickture-perfect/singapore/img_19.jpg' style='max-height:400px; padding: 10px;'></img>,https://s3.amazonaws.com/pickture-perfect/singapore/img_19.jpg
img4,<img src='https://s3.amazonaws.com/pickture-perfect/singapore/img_36.jpg' style='max-height:400px; padding: 10px;'></img>,https://s3.amazonaws.com/pickture-perfect/singapore/img_36.jpg
img5,<img src='https://s3.amazonaws.com/pickture-perfect/singapore/img_37.jpg' style='max-height:400px; padding: 10px;'></img>,https://s3.amazonaws.com/pickture-perfect/singapore/img_37.jpg
img6,<img src='https://s3.amazonaws.com/pickture-perfect/singapore/img_47.jpg' style='max-height:400px; padding: 10px;'></img>,https://s3.amazonaws.com/pickture-perfect/singapore/img_47.jpg
img7,<img src='https://s3.amazonaws.com/pickture-perfect/singapore/img_40.jpg' style='max-height:400px; padding: 10px;'></img>,https://s3.amazonaws.com/pickture-perfect/singapore/img_40.jpg
img8,<img src='https://s3.amazonaws.com/pickture-perfect/singapore/img_46.jpg' style='max-height:400px; padding: 10px;'></img>,https://s3.amazonaws.com/pickture-perfect/singapore/img_46.jpg
img9,<img src='https://s3.amazonaws.com/pickture-perfect/singapore/img_43.jpg' style='max-height:400px; padding: 10px;'></img>,https://s3.amazonaws.com/pickture-perfect/singapore/img_43.jpg
img10,<img src='https://s3.amazonaws.com/pickture-perfect/singapore/img_45.jpg' style='max-height:400px; padding: 10px;'></img>,https://s3.amazonaws.com/pickture-perfect/singapore/img_45.jpg
img11,<img src='https://s3.amazonaws.com/pickture-perfect/singapore/neg_2.jpg' style='max-height:400px; padding: 10px;'></img>,https://s3.amazonaws.com/pickture-perfect/singapore/neg_2.jpg