img1,<img src='https://s3.amazonaws.com/pickture-perfect/singapore/img_20.jpg' style='max-height:400px; padding: 10px;'></img>,https://s3.amazonaws.com/pickture-perfect/singapore/img_20.jpg
img2,<img src='https://s3.amazonaws.com/pickture-perfect/singapore/img_47.jpg' style='max-height:400px; padding: 10px;'></img>,https://s3.amazonaws.com/pickture-perfect/singapore/img_47.jpg
img3,<img src='https://s3.amazonaws.com/pickture-perfect/singapore/img_40.jpg' style='max-height:400px; padding: 10px;'></img>,https://s3.amazonaws.com/pickture-perfect/singapore/img_40.jpg
img4,<img src='https://s3.amazonaws.com/pickture-perfect/singapore/img_19.jpg' style='max-height:400px; padding: 10px;'></img>,https://s3.amazonaws.com/pickture-perfect/singapore/img_19.jpg
img5,<img src='https://s3.amazonaws.com/pickture-perfect/singapore/img_11.jpg' style='max-height:400px; padding: 10px;'></img>,https://s3.amazonaws.com/pickture-perfect/singapore/img_11.jpg
img6,<img src='https://s3.amazonaws.com/pickture-perfect/singapore/img_2.jpg' style='max-height:400px; padding: 10px;'></img>,https://s3.amazonaws.com/pickture-perfect/singapore/img_2.jpg
img7,<img src='https://s3.amazonaws.com/pickture-perfect/singapore/img_41.jpg' style='max-height:400px; padding: 10px;'></img>,https://s3.amazonaws.com/pickture-perfect/singapore/img_41.jpg
img8,<img src='https://s3.amazonaws.com/pickture-perfect/singapore/img_38.jpg' style='max-height:400px; padding: 10px;'></img>,https://s3.amazonaws.com/pickture-perfect/singapore/img_38.jpg
img9,<img src='https://s3.amazonaws.com/pickture-perfect/singapore/img_12.jpg' style='max-height:400px; padding: 10px;'></img>,https://s3.amazonaws.com/pickture-perfect/singapore/img_12.jpg
img10,<img src='https://s3.amazonaws.com/pickture-perfect/singapore/img_48.jpg' style='max-height:400px; padding: 10px;'></img>,https://s3.amazonaws.com/pickture-perfect/singapore/img_48.jpg
img11,<img src='https://s3.amazonaws.com/pickture-perfect/singapore/neg_2.jpg' style='max-height:400px; padding: 10px;'></img>,https://s3.amazonaws.com/pickture-perfect/singapore/neg_2.jpg