img1,<img src='https://s3.amazonaws.com/pickture-perfect/south_africa/img_202.jpg' style='max-height:400px; padding: 10px;'></img>,https://s3.amazonaws.com/pickture-perfect/south_africa/img_202.jpg
img2,<img src='https://s3.amazonaws.com/pickture-perfect/south_africa/img_252.jpg' style='max-height:400px; padding: 10px;'></img>,https://s3.amazonaws.com/pickture-perfect/south_africa/img_252.jpg
img3,<img src='https://s3.amazonaws.com/pickture-perfect/south_africa/img_329.jpg' style='max-height:400px; padding: 10px;'></img>,https://s3.amazonaws.com/pickture-perfect/south_africa/img_329.jpg
img4,<img src='https://s3.amazonaws.com/pickture-perfect/south_africa/img_94.jpg' style='max-height:400px; padding: 10px;'></img>,https://s3.amazonaws.com/pickture-perfect/south_africa/img_94.jpg
img5,<img src='https://s3.amazonaws.com/pickture-perfect/south_africa/img_154.jpg' style='max-height:400px; padding: 10px;'></img>,https://s3.amazonaws.com/pickture-perfect/south_africa/img_154.jpg
img6,<img src='https://s3.amazonaws.com/pickture-perfect/south_africa/img_160.jpg' style='max-height:400px; padding: 10px;'></img>,https://s3.amazonaws.com/pickture-perfect/south_africa/img_160.jpg
img7,<img src='https://s3.amazonaws.com/pickture-perfect/south_africa/img_170.jpg' style='max-height:400px; padding: 10px;'></img>,https://s3.amazonaws.com/pickture-perfect/south_africa/img_170.jpg
img8,<img src='https://s3.amazonaws.com/pickture-perfect/south_africa/img_392.jpg' style='max-height:400px; padding: 10px;'></img>,https://s3.amazonaws.com/pickture-perfect/south_africa/img_392.jpg
img9,<img src='https://s3.amazonaws.com/pickture-perfect/south_africa/img_150.jpg' style='max-height:400px; padding: 10px;'></img>,https://s3.amazonaws.com/pickture-perfect/south_africa/img_150.jpg
img10,<img src='https://s3.amazonaws.com/pickture-perfect/south_africa/img_415.jpg' style='max-height:400px; padding: 10px;'></img>,https://s3.amazonaws.com/pickture-perfect/south_africa/img_415.jpg
img11,<img src='https://s3.amazonaws.com/pickture-perfect/south_africa/img_398.jpg' style='max-height:400px; padding: 10px;'></img>,https://s3.amazonaws.com/pickture-perfect/south_africa/img_398.jpg
img12,<img src='https://s3.amazonaws.com/pickture-perfect/south_africa/img_235.jpg' style='max-height:400px; padding: 10px;'></img>,https://s3.amazonaws.com/pickture-perfect/south_africa/img_235.jpg
img13,<img src='https://s3.amazonaws.com/pickture-perfect/south_africa/img_244.jpg' style='max-height:400px; padding: 10px;'></img>,https://s3.amazonaws.com/pickture-perfect/south_africa/img_244.jpg
img14,<img src='https://s3.amazonaws.com/pickture-perfect/south_africa/img_256.jpg' style='max-height:400px; padding: 10px;'></img>,https://s3.amazonaws.com/pickture-perfect/south_africa/img_256.jpg
img15,<img src='https://s3.amazonaws.com/pickture-perfect/south_africa/img_250.jpg' style='max-height:400px; padding: 10px;'></img>,https://s3.amazonaws.com/pickture-perfect/south_africa/img_250.jpg
img16,<img src='https://s3.amazonaws.com/pickture-perfect/south_africa/img_253.jpg' style='max-height:400px; padding: 10px;'></img>,https://s3.amazonaws.com/pickture-perfect/south_africa/img_253.jpg
img17,<img src='https://s3.amazonaws.com/pickture-perfect/south_africa/img_210.jpg' style='max-height:400px; padding: 10px;'></img>,https://s3.amazonaws.com/pickture-perfect/south_africa/img_210.jpg
img18,<img src='https://s3.amazonaws.com/pickture-perfect/south_africa/img_205.jpg' style='max-height:400px; padding: 10px;'></img>,https://s3.amazonaws.com/pickture-perfect/south_africa/img_205.jpg
img19,<img src='https://s3.amazonaws.com/pickture-perfect/south_africa/img_405.jpg' style='max-height:400px; padding: 10px;'></img>,https://s3.amazonaws.com/pickture-perfect/south_africa/img_405.jpg
img20,<img src='https://s3.amazonaws.com/pickture-perfect/south_africa/img_204.jpg' style='max-height:400px; padding: 10px;'></img>,https://s3.amazonaws.com/pickture-perfect/south_africa/img_204.jpg
img21,<img src='https://s3.amazonaws.com/pickture-perfect/south_africa/img_407.jpg' style='max-height:400px; padding: 10px;'></img>,https://s3.amazonaws.com/pickture-perfect/south_africa/img_407.jpg
img22,<img src='https://s3.amazonaws.com/pickture-perfect/south_africa/img_280.jpg' style='max-height:400px; padding: 10px;'></img>,https://s3.amazonaws.com/pickture-perfect/south_africa/img_280.jpg
img23,<img src='https://s3.amazonaws.com/pickture-perfect/south_africa/img_225.jpg' style='max-height:400px; padding: 10px;'></img>,https://s3.amazonaws.com/pickture-perfect/south_africa/img_225.jpg
img24,<img src='https://s3.amazonaws.com/pickture-perfect/south_africa/img_267.jpg' style='max-height:400px; padding: 10px;'></img>,https://s3.amazonaws.com/pickture-perfect/south_africa/img_267.jpg
img25,<img src='https://s3.amazonaws.com/pickture-perfect/south_africa/img_265.jpg' style='max-height:400px; padding: 10px;'></img>,https://s3.amazonaws.com/pickture-perfect/south_africa/img_265.jpg
img26,<img src='https://s3.amazonaws.com/pickture-perfect/south_africa/img_385.jpg' style='max-height:400px; padding: 10px;'></img>,https://s3.amazonaws.com/pickture-perfect/south_africa/img_385.jpg
img27,<img src='https://s3.amazonaws.com/pickture-perfect/south_africa/img_248.jpg' style='max-height:400px; padding: 10px;'></img>,https://s3.amazonaws.com/pickture-perfect/south_africa/img_248.jpg
img28,<img src='https://s3.amazonaws.com/pickture-perfect/south_africa/img_174.jpg' style='max-height:400px; padding: 10px;'></img>,https://s3.amazonaws.com/pickture-perfect/south_africa/img_174.jpg
img29,<img src='https://s3.amazonaws.com/pickture-perfect/south_africa/img_167.jpg' style='max-height:400px; padding: 10px;'></img>,https://s3.amazonaws.com/pickture-perfect/south_africa/img_167.jpg
img30,<img src='https://s3.amazonaws.com/pickture-perfect/south_africa/img_28.jpg' style='max-height:400px; padding: 10px;'></img>,https://s3.amazonaws.com/pickture-perfect/south_africa/img_28.jpg
img31,<img src='https://s3.amazonaws.com/pickture-perfect/south_africa/img_222.jpg' style='max-height:400px; padding: 10px;'></img>,https://s3.amazonaws.com/pickture-perfect/south_africa/img_222.jpg
img32,<img src='https://s3.amazonaws.com/pickture-perfect/south_africa/img_226.jpg' style='max-height:400px; padding: 10px;'></img>,https://s3.amazonaws.com/pickture-perfect/south_africa/img_226.jpg
img33,<img src='https://s3.amazonaws.com/pickture-perfect/south_africa/img_332.jpg' style='max-height:400px; padding: 10px;'></img>,https://s3.amazonaws.com/pickture-perfect/south_africa/img_332.jpg
img34,<img src='https://s3.amazonaws.com/pickture-perfect/south_africa/img_321.jpg' style='max-height:400px; padding: 10px;'></img>,https://s3.amazonaws.com/pickture-perfect/south_africa/img_321.jpg
img35,<img src='https://s3.amazonaws.com/pickture-perfect/south_africa/img_217.jpg' style='max-height:400px; padding: 10px;'></img>,https://s3.amazonaws.com/pickture-perfect/south_africa/img_217.jpg
img36,<img src='https://s3.amazonaws.com/pickture-perfect/south_africa/img_123.jpg' style='max-height:400px; padding: 10px;'></img>,https://s3.amazonaws.com/pickture-perfect/south_africa/img_123.jpg
img37,<img src='https://s3.amazonaws.com/pickture-perfect/south_africa/img_140.jpg' style='max-height:400px; padding: 10px;'></img>,https://s3.amazonaws.com/pickture-perfect/south_africa/img_140.jpg
img38,<img src='https://s3.amazonaws.com/pickture-perfect/south_africa/img_356.jpg' style='max-height:400px; padding: 10px;'></img>,https://s3.amazonaws.com/pickture-perfect/south_africa/img_356.jpg
img39,<img src='https://s3.amazonaws.com/pickture-perfect/south_africa/img_91.jpg' style='max-height:400px; padding: 10px;'></img>,https://s3.amazonaws.com/pickture-perfect/south_africa/img_91.jpg
img40,<img src='https://s3.amazonaws.com/pickture-perfect/south_africa/img_126.jpg' style='max-height:400px; padding: 10px;'></img>,https://s3.amazonaws.com/pickture-perfect/south_africa/img_126.jpg
img41,<img src='https://s3.amazonaws.com/pickture-perfect/south_africa/img_37.jpg' style='max-height:400px; padding: 10px;'></img>,https://s3.amazonaws.com/pickture-perfect/south_africa/img_37.jpg
img42,<img src='https://s3.amazonaws.com/pickture-perfect/south_africa/img_212.jpg' style='max-height:400px; padding: 10px;'></img>,https://s3.amazonaws.com/pickture-perfect/south_africa/img_212.jpg
img43,<img src='https://s3.amazonaws.com/pickture-perfect/south_africa/img_175.jpg' style='max-height:400px; padding: 10px;'></img>,https://s3.amazonaws.com/pickture-perfect/south_africa/img_175.jpg
img44,<img src='https://s3.amazonaws.com/pickture-perfect/south_africa/img_408.jpg' style='max-height:400px; padding: 10px;'></img>,https://s3.amazonaws.com/pickture-perfect/south_africa/img_408.jpg
img45,<img src='https://s3.amazonaws.com/pickture-perfect/south_africa/img_133.jpg' style='max-height:400px; padding: 10px;'></img>,https://s3.amazonaws.com/pickture-perfect/south_africa/img_133.jpg
img46,<img src='https://s3.amazonaws.com/pickture-perfect/south_africa/img_364.jpg' style='max-height:400px; padding: 10px;'></img>,https://s3.amazonaws.com/pickture-perfect/south_africa/img_364.jpg
img47,<img src='https://s3.amazonaws.com/pickture-perfect/south_africa/img_216.jpg' style='max-height:400px; padding: 10px;'></img>,https://s3.amazonaws.com/pickture-perfect/south_africa/img_216.jpg
img48,<img src='https://s3.amazonaws.com/pickture-perfect/south_africa/img_60.jpg' style='max-height:400px; padding: 10px;'></img>,https://s3.amazonaws.com/pickture-perfect/south_africa/img_60.jpg
img49,<img src='https://s3.amazonaws.com/pickture-perfect/south_africa/img_192.jpg' style='max-height:400px; padding: 10px;'></img>,https://s3.amazonaws.com/pickture-perfect/south_africa/img_192.jpg
img50,<img src='https://s3.amazonaws.com/pickture-perfect/south_africa/img_333.jpg' style='max-height:400px; padding: 10px;'></img>,https://s3.amazonaws.com/pickture-perfect/south_africa/img_333.jpg
img51,<img src='https://s3.amazonaws.com/pickture-perfect/south_africa/img_130.jpg' style='max-height:400px; padding: 10px;'></img>,https://s3.amazonaws.com/pickture-perfect/south_africa/img_130.jpg
img52,<img src='https://s3.amazonaws.com/pickture-perfect/south_africa/img_118.jpg' style='max-height:400px; padding: 10px;'></img>,https://s3.amazonaws.com/pickture-perfect/south_africa/img_118.jpg
img53,<img src='https://s3.amazonaws.com/pickture-perfect/south_africa/img_230.jpg' style='max-height:400px; padding: 10px;'></img>,https://s3.amazonaws.com/pickture-perfect/south_africa/img_230.jpg
img54,<img src='https://s3.amazonaws.com/pickture-perfect/south_africa/img_305.jpg' style='max-height:400px; padding: 10px;'></img>,https://s3.amazonaws.com/pickture-perfect/south_africa/img_305.jpg
img55,<img src='https://s3.amazonaws.com/pickture-perfect/south_africa/img_168.jpg' style='max-height:400px; padding: 10px;'></img>,https://s3.amazonaws.com/pickture-perfect/south_africa/img_168.jpg
img56,<img src='https://s3.amazonaws.com/pickture-perfect/south_africa/img_142.jpg' style='max-height:400px; padding: 10px;'></img>,https://s3.amazonaws.com/pickture-perfect/south_africa/img_142.jpg
img57,<img src='https://s3.amazonaws.com/pickture-perfect/south_africa/img_229.jpg' style='max-height:400px; padding: 10px;'></img>,https://s3.amazonaws.com/pickture-perfect/south_africa/img_229.jpg
img58,<img src='https://s3.amazonaws.com/pickture-perfect/south_africa/img_285.jpg' style='max-height:400px; padding: 10px;'></img>,https://s3.amazonaws.com/pickture-perfect/south_africa/img_285.jpg
img59,<img src='https://s3.amazonaws.com/pickture-perfect/south_africa/img_231.jpg' style='max-height:400px; padding: 10px;'></img>,https://s3.amazonaws.com/pickture-perfect/south_africa/img_231.jpg
img60,<img src='https://s3.amazonaws.com/pickture-perfect/south_africa/img_254.jpg' style='max-height:400px; padding: 10px;'></img>,https://s3.amazonaws.com/pickture-perfect/south_africa/img_254.jpg
img61,<img src='https://s3.amazonaws.com/pickture-perfect/south_africa/img_214.jpg' style='max-height:400px; padding: 10px;'></img>,https://s3.amazonaws.com/pickture-perfect/south_africa/img_214.jpg
img62,<img src='https://s3.amazonaws.com/pickture-perfect/south_africa/img_366.jpg' style='max-height:400px; padding: 10px;'></img>,https://s3.amazonaws.com/pickture-perfect/south_africa/img_366.jpg
img63,<img src='https://s3.amazonaws.com/pickture-perfect/south_africa/img_16.jpg' style='max-height:400px; padding: 10px;'></img>,https://s3.amazonaws.com/pickture-perfect/south_africa/img_16.jpg
img64,<img src='https://s3.amazonaws.com/pickture-perfect/south_africa/img_185.jpg' style='max-height:400px; padding: 10px;'></img>,https://s3.amazonaws.com/pickture-perfect/south_africa/img_185.jpg
img65,<img src='https://s3.amazonaws.com/pickture-perfect/south_africa/img_220.jpg' style='max-height:400px; padding: 10px;'></img>,https://s3.amazonaws.com/pickture-perfect/south_africa/img_220.jpg
img66,<img src='https://s3.amazonaws.com/pickture-perfect/south_africa/img_129.jpg' style='max-height:400px; padding: 10px;'></img>,https://s3.amazonaws.com/pickture-perfect/south_africa/img_129.jpg
img67,<img src='https://s3.amazonaws.com/pickture-perfect/south_africa/img_223.jpg' style='max-height:400px; padding: 10px;'></img>,https://s3.amazonaws.com/pickture-perfect/south_africa/img_223.jpg
img68,<img src='https://s3.amazonaws.com/pickture-perfect/south_africa/img_261.jpg' style='max-height:400px; padding: 10px;'></img>,https://s3.amazonaws.com/pickture-perfect/south_africa/img_261.jpg
img69,<img src='https://s3.amazonaws.com/pickture-perfect/south_africa/img_182.jpg' style='max-height:400px; padding: 10px;'></img>,https://s3.amazonaws.com/pickture-perfect/south_africa/img_182.jpg
img70,<img src='https://s3.amazonaws.com/pickture-perfect/south_africa/img_69.jpg' style='max-height:400px; padding: 10px;'></img>,https://s3.amazonaws.com/pickture-perfect/south_africa/img_69.jpg
img71,<img src='https://s3.amazonaws.com/pickture-perfect/south_africa/img_171.jpg' style='max-height:400px; padding: 10px;'></img>,https://s3.amazonaws.com/pickture-perfect/south_africa/img_171.jpg
img72,<img src='https://s3.amazonaws.com/pickture-perfect/south_africa/img_249.jpg' style='max-height:400px; padding: 10px;'></img>,https://s3.amazonaws.com/pickture-perfect/south_africa/img_249.jpg
img73,<img src='https://s3.amazonaws.com/pickture-perfect/south_africa/img_135.jpg' style='max-height:400px; padding: 10px;'></img>,https://s3.amazonaws.com/pickture-perfect/south_africa/img_135.jpg
img74,<img src='https://s3.amazonaws.com/pickture-perfect/south_africa/img_178.jpg' style='max-height:400px; padding: 10px;'></img>,https://s3.amazonaws.com/pickture-perfect/south_africa/img_178.jpg
img75,<img src='https://s3.amazonaws.com/pickture-perfect/south_africa/img_279.jpg' style='max-height:400px; padding: 10px;'></img>,https://s3.amazonaws.com/pickture-perfect/south_africa/img_279.jpg
img76,<img src='https://s3.amazonaws.com/pickture-perfect/south_africa/img_152.jpg' style='max-height:400px; padding: 10px;'></img>,https://s3.amazonaws.com/pickture-perfect/south_africa/img_152.jpg
img77,<img src='https://s3.amazonaws.com/pickture-perfect/south_africa/img_136.jpg' style='max-height:400px; padding: 10px;'></img>,https://s3.amazonaws.com/pickture-perfect/south_africa/img_136.jpg
img78,<img src='https://s3.amazonaws.com/pickture-perfect/south_africa/img_213.jpg' style='max-height:400px; padding: 10px;'></img>,https://s3.amazonaws.com/pickture-perfect/south_africa/img_213.jpg
img79,<img src='https://s3.amazonaws.com/pickture-perfect/south_africa/img_307.jpg' style='max-height:400px; padding: 10px;'></img>,https://s3.amazonaws.com/pickture-perfect/south_africa/img_307.jpg
img80,<img src='https://s3.amazonaws.com/pickture-perfect/south_africa/img_240.jpg' style='max-height:400px; padding: 10px;'></img>,https://s3.amazonaws.com/pickture-perfect/south_africa/img_240.jpg
img81,<img src='https://s3.amazonaws.com/pickture-perfect/south_africa/img_247.jpg' style='max-height:400px; padding: 10px;'></img>,https://s3.amazonaws.com/pickture-perfect/south_africa/img_247.jpg
img82,<img src='https://s3.amazonaws.com/pickture-perfect/south_africa/img_281.jpg' style='max-height:400px; padding: 10px;'></img>,https://s3.amazonaws.com/pickture-perfect/south_africa/img_281.jpg
img83,<img src='https://s3.amazonaws.com/pickture-perfect/south_africa/img_277.jpg' style='max-height:400px; padding: 10px;'></img>,https://s3.amazonaws.com/pickture-perfect/south_africa/img_277.jpg
img84,<img src='https://s3.amazonaws.com/pickture-perfect/south_africa/img_251.jpg' style='max-height:400px; padding: 10px;'></img>,https://s3.amazonaws.com/pickture-perfect/south_africa/img_251.jpg
img85,<img src='https://s3.amazonaws.com/pickture-perfect/south_africa/img_300.jpg' style='max-height:400px; padding: 10px;'></img>,https://s3.amazonaws.com/pickture-perfect/south_africa/img_300.jpg
img86,<img src='https://s3.amazonaws.com/pickture-perfect/south_africa/img_169.jpg' style='max-height:400px; padding: 10px;'></img>,https://s3.amazonaws.com/pickture-perfect/south_africa/img_169.jpg
img87,<img src='https://s3.amazonaws.com/pickture-perfect/south_africa/img_219.jpg' style='max-height:400px; padding: 10px;'></img>,https://s3.amazonaws.com/pickture-perfect/south_africa/img_219.jpg
img88,<img src='https://s3.amazonaws.com/pickture-perfect/south_africa/img_290.jpg' style='max-height:400px; padding: 10px;'></img>,https://s3.amazonaws.com/pickture-perfect/south_africa/img_290.jpg
img89,<img src='https://s3.amazonaws.com/pickture-perfect/south_africa/neg_17.jpg' style='max-height:400px; padding: 10px;'></img>,https://s3.amazonaws.com/pickture-perfect/south_africa/neg_17.jpg
img90,<img src='https://s3.amazonaws.com/pickture-perfect/south_africa/neg_18.jpg' style='max-height:400px; padding: 10px;'></img>,https://s3.amazonaws.com/pickture-perfect/south_africa/neg_18.jpg
img91,<img src='https://s3.amazonaws.com/pickture-perfect/south_africa/neg_19.jpg' style='max-height:400px; padding: 10px;'></img>,https://s3.amazonaws.com/pickture-perfect/south_africa/neg_19.jpg
img92,<img src='https://s3.amazonaws.com/pickture-perfect/south_africa/neg_2.jpg' style='max-height:400px; padding: 10px;'></img>,https://s3.amazonaws.com/pickture-perfect/south_africa/neg_2.jpg
img93,<img src='https://s3.amazonaws.com/pickture-perfect/south_africa/neg_20.jpg' style='max-height:400px; padding: 10px;'></img>,https://s3.amazonaws.com/pickture-perfect/south_africa/neg_20.jpg
img94,<img src='https://s3.amazonaws.com/pickture-perfect/south_africa/neg_21.jpg' style='max-height:400px; padding: 10px;'></img>,https://s3.amazonaws.com/pickture-perfect/south_africa/neg_21.jpg
img95,<img src='https://s3.amazonaws.com/pickture-perfect/south_africa/neg_3.jpg' style='max-height:400px; padding: 10px;'></img>,https://s3.amazonaws.com/pickture-perfect/south_africa/neg_3.jpg
img96,<img src='https://s3.amazonaws.com/pickture-perfect/south_africa/neg_4.jpg' style='max-height:400px; padding: 10px;'></img>,https://s3.amazonaws.com/pickture-perfect/south_africa/neg_4.jpg
img97,<img src='https://s3.amazonaws.com/pickture-perfect/south_africa/neg_5.jpg' style='max-height:400px; padding: 10px;'></img>,https://s3.amazonaws.com/pickture-perfect/south_africa/neg_5.jpg
img98,<img src='https://s3.amazonaws.com/pickture-perfect/south_africa/neg_6.jpg' style='max-height:400px; padding: 10px;'></img>,https://s3.amazonaws.com/pickture-perfect/south_africa/neg_6.jpg
img99,<img src='https://s3.amazonaws.com/pickture-perfect/south_africa/neg_7.jpg' style='max-height:400px; padding: 10px;'></img>,https://s3.amazonaws.com/pickture-perfect/south_africa/neg_7.jpg
img100,<img src='https://s3.amazonaws.com/pickture-perfect/south_africa/neg_8.jpg' style='max-height:400px; padding: 10px;'></img>,https://s3.amazonaws.com/pickture-perfect/south_africa/neg_8.jpg