img1,<img src='https://s3.amazonaws.com/pickture-perfect/south_africa/img_144.jpg' style='max-height:400px; padding: 10px;'></img>,https://s3.amazonaws.com/pickture-perfect/south_africa/img_144.jpg
img2,<img src='https://s3.amazonaws.com/pickture-perfect/south_africa/img_26.jpg' style='max-height:400px; padding: 10px;'></img>,https://s3.amazonaws.com/pickture-perfect/south_africa/img_26.jpg
img3,<img src='https://s3.amazonaws.com/pickture-perfect/south_africa/img_82.jpg' style='max-height:400px; padding: 10px;'></img>,https://s3.amazonaws.com/pickture-perfect/south_africa/img_82.jpg
img4,<img src='https://s3.amazonaws.com/pickture-perfect/south_africa/img_253.jpg' style='max-height:400px; padding: 10px;'></img>,https://s3.amazonaws.com/pickture-perfect/south_africa/img_253.jpg
img5,<img src='https://s3.amazonaws.com/pickture-perfect/south_africa/img_230.jpg' style='max-height:400px; padding: 10px;'></img>,https://s3.amazonaws.com/pickture-perfect/south_africa/img_230.jpg
img6,<img src='https://s3.amazonaws.com/pickture-perfect/south_africa/img_278.jpg' style='max-height:400px; padding: 10px;'></img>,https://s3.amazonaws.com/pickture-perfect/south_africa/img_278.jpg
img7,<img src='https://s3.amazonaws.com/pickture-perfect/south_africa/img_37.jpg' style='max-height:400px; padding: 10px;'></img>,https://s3.amazonaws.com/pickture-perfect/south_africa/img_37.jpg
img8,<img src='https://s3.amazonaws.com/pickture-perfect/south_africa/img_338.jpg' style='max-height:400px; padding: 10px;'></img>,https://s3.amazonaws.com/pickture-perfect/south_africa/img_338.jpg
img9,<img src='https://s3.amazonaws.com/pickture-perfect/south_africa/img_306.jpg' style='max-height:400px; padding: 10px;'></img>,https://s3.amazonaws.com/pickture-perfect/south_africa/img_306.jpg
img10,<img src='https://s3.amazonaws.com/pickture-perfect/south_africa/img_95.jpg' style='max-height:400px; padding: 10px;'></img>,https://s3.amazonaws.com/pickture-perfect/south_africa/img_95.jpg
img11,<img src='https://s3.amazonaws.com/pickture-perfect/south_africa/img_183.jpg' style='max-height:400px; padding: 10px;'></img>,https://s3.amazonaws.com/pickture-perfect/south_africa/img_183.jpg
img12,<img src='https://s3.amazonaws.com/pickture-perfect/south_africa/img_368.jpg' style='max-height:400px; padding: 10px;'></img>,https://s3.amazonaws.com/pickture-perfect/south_africa/img_368.jpg
img13,<img src='https://s3.amazonaws.com/pickture-perfect/south_africa/img_385.jpg' style='max-height:400px; padding: 10px;'></img>,https://s3.amazonaws.com/pickture-perfect/south_africa/img_385.jpg
img14,<img src='https://s3.amazonaws.com/pickture-perfect/south_africa/img_166.jpg' style='max-height:400px; padding: 10px;'></img>,https://s3.amazonaws.com/pickture-perfect/south_africa/img_166.jpg
img15,<img src='https://s3.amazonaws.com/pickture-perfect/south_africa/img_42.jpg' style='max-height:400px; padding: 10px;'></img>,https://s3.amazonaws.com/pickture-perfect/south_africa/img_42.jpg
img16,<img src='https://s3.amazonaws.com/pickture-perfect/south_africa/img_47.jpg' style='max-height:400px; padding: 10px;'></img>,https://s3.amazonaws.com/pickture-perfect/south_africa/img_47.jpg
img17,<img src='https://s3.amazonaws.com/pickture-perfect/south_africa/img_378.jpg' style='max-height:400px; padding: 10px;'></img>,https://s3.amazonaws.com/pickture-perfect/south_africa/img_378.jpg
img18,<img src='https://s3.amazonaws.com/pickture-perfect/south_africa/img_382.jpg' style='max-height:400px; padding: 10px;'></img>,https://s3.amazonaws.com/pickture-perfect/south_africa/img_382.jpg
img19,<img src='https://s3.amazonaws.com/pickture-perfect/south_africa/img_11.jpg' style='max-height:400px; padding: 10px;'></img>,https://s3.amazonaws.com/pickture-perfect/south_africa/img_11.jpg
img20,<img src='https://s3.amazonaws.com/pickture-perfect/south_africa/img_107.jpg' style='max-height:400px; padding: 10px;'></img>,https://s3.amazonaws.com/pickture-perfect/south_africa/img_107.jpg
img21,<img src='https://s3.amazonaws.com/pickture-perfect/south_africa/img_258.jpg' style='max-height:400px; padding: 10px;'></img>,https://s3.amazonaws.com/pickture-perfect/south_africa/img_258.jpg
img22,<img src='https://s3.amazonaws.com/pickture-perfect/south_africa/img_407.jpg' style='max-height:400px; padding: 10px;'></img>,https://s3.amazonaws.com/pickture-perfect/south_africa/img_407.jpg
img23,<img src='https://s3.amazonaws.com/pickture-perfect/south_africa/img_367.jpg' style='max-height:400px; padding: 10px;'></img>,https://s3.amazonaws.com/pickture-perfect/south_africa/img_367.jpg
img24,<img src='https://s3.amazonaws.com/pickture-perfect/south_africa/img_132.jpg' style='max-height:400px; padding: 10px;'></img>,https://s3.amazonaws.com/pickture-perfect/south_africa/img_132.jpg
img25,<img src='https://s3.amazonaws.com/pickture-perfect/south_africa/img_279.jpg' style='max-height:400px; padding: 10px;'></img>,https://s3.amazonaws.com/pickture-perfect/south_africa/img_279.jpg
img26,<img src='https://s3.amazonaws.com/pickture-perfect/south_africa/img_260.jpg' style='max-height:400px; padding: 10px;'></img>,https://s3.amazonaws.com/pickture-perfect/south_africa/img_260.jpg
img27,<img src='https://s3.amazonaws.com/pickture-perfect/south_africa/img_152.jpg' style='max-height:400px; padding: 10px;'></img>,https://s3.amazonaws.com/pickture-perfect/south_africa/img_152.jpg
img28,<img src='https://s3.amazonaws.com/pickture-perfect/south_africa/img_189.jpg' style='max-height:400px; padding: 10px;'></img>,https://s3.amazonaws.com/pickture-perfect/south_africa/img_189.jpg
img29,<img src='https://s3.amazonaws.com/pickture-perfect/south_africa/img_356.jpg' style='max-height:400px; padding: 10px;'></img>,https://s3.amazonaws.com/pickture-perfect/south_africa/img_356.jpg
img30,<img src='https://s3.amazonaws.com/pickture-perfect/south_africa/img_371.jpg' style='max-height:400px; padding: 10px;'></img>,https://s3.amazonaws.com/pickture-perfect/south_africa/img_371.jpg
img31,<img src='https://s3.amazonaws.com/pickture-perfect/south_africa/img_72.jpg' style='max-height:400px; padding: 10px;'></img>,https://s3.amazonaws.com/pickture-perfect/south_africa/img_72.jpg
img32,<img src='https://s3.amazonaws.com/pickture-perfect/south_africa/img_250.jpg' style='max-height:400px; padding: 10px;'></img>,https://s3.amazonaws.com/pickture-perfect/south_africa/img_250.jpg
img33,<img src='https://s3.amazonaws.com/pickture-perfect/south_africa/img_129.jpg' style='max-height:400px; padding: 10px;'></img>,https://s3.amazonaws.com/pickture-perfect/south_africa/img_129.jpg
img34,<img src='https://s3.amazonaws.com/pickture-perfect/south_africa/img_27.jpg' style='max-height:400px; padding: 10px;'></img>,https://s3.amazonaws.com/pickture-perfect/south_africa/img_27.jpg
img35,<img src='https://s3.amazonaws.com/pickture-perfect/south_africa/img_63.jpg' style='max-height:400px; padding: 10px;'></img>,https://s3.amazonaws.com/pickture-perfect/south_africa/img_63.jpg
img36,<img src='https://s3.amazonaws.com/pickture-perfect/south_africa/img_384.jpg' style='max-height:400px; padding: 10px;'></img>,https://s3.amazonaws.com/pickture-perfect/south_africa/img_384.jpg
img37,<img src='https://s3.amazonaws.com/pickture-perfect/south_africa/img_100.jpg' style='max-height:400px; padding: 10px;'></img>,https://s3.amazonaws.com/pickture-perfect/south_africa/img_100.jpg
img38,<img src='https://s3.amazonaws.com/pickture-perfect/south_africa/img_138.jpg' style='max-height:400px; padding: 10px;'></img>,https://s3.amazonaws.com/pickture-perfect/south_africa/img_138.jpg
img39,<img src='https://s3.amazonaws.com/pickture-perfect/south_africa/img_156.jpg' style='max-height:400px; padding: 10px;'></img>,https://s3.amazonaws.com/pickture-perfect/south_africa/img_156.jpg
img40,<img src='https://s3.amazonaws.com/pickture-perfect/south_africa/img_93.jpg' style='max-height:400px; padding: 10px;'></img>,https://s3.amazonaws.com/pickture-perfect/south_africa/img_93.jpg
img41,<img src='https://s3.amazonaws.com/pickture-perfect/south_africa/img_199.jpg' style='max-height:400px; padding: 10px;'></img>,https://s3.amazonaws.com/pickture-perfect/south_africa/img_199.jpg
img42,<img src='https://s3.amazonaws.com/pickture-perfect/south_africa/img_231.jpg' style='max-height:400px; padding: 10px;'></img>,https://s3.amazonaws.com/pickture-perfect/south_africa/img_231.jpg
img43,<img src='https://s3.amazonaws.com/pickture-perfect/south_africa/img_254.jpg' style='max-height:400px; padding: 10px;'></img>,https://s3.amazonaws.com/pickture-perfect/south_africa/img_254.jpg
img44,<img src='https://s3.amazonaws.com/pickture-perfect/south_africa/img_170.jpg' style='max-height:400px; padding: 10px;'></img>,https://s3.amazonaws.com/pickture-perfect/south_africa/img_170.jpg
img45,<img src='https://s3.amazonaws.com/pickture-perfect/south_africa/img_244.jpg' style='max-height:400px; padding: 10px;'></img>,https://s3.amazonaws.com/pickture-perfect/south_africa/img_244.jpg
img46,<img src='https://s3.amazonaws.com/pickture-perfect/south_africa/img_192.jpg' style='max-height:400px; padding: 10px;'></img>,https://s3.amazonaws.com/pickture-perfect/south_africa/img_192.jpg
img47,<img src='https://s3.amazonaws.com/pickture-perfect/south_africa/img_399.jpg' style='max-height:400px; padding: 10px;'></img>,https://s3.amazonaws.com/pickture-perfect/south_africa/img_399.jpg
img48,<img src='https://s3.amazonaws.com/pickture-perfect/south_africa/img_261.jpg' style='max-height:400px; padding: 10px;'></img>,https://s3.amazonaws.com/pickture-perfect/south_africa/img_261.jpg
img49,<img src='https://s3.amazonaws.com/pickture-perfect/south_africa/img_310.jpg' style='max-height:400px; padding: 10px;'></img>,https://s3.amazonaws.com/pickture-perfect/south_africa/img_310.jpg
img50,<img src='https://s3.amazonaws.com/pickture-perfect/south_africa/img_343.jpg' style='max-height:400px; padding: 10px;'></img>,https://s3.amazonaws.com/pickture-perfect/south_africa/img_343.jpg
img51,<img src='https://s3.amazonaws.com/pickture-perfect/south_africa/img_295.jpg' style='max-height:400px; padding: 10px;'></img>,https://s3.amazonaws.com/pickture-perfect/south_africa/img_295.jpg
img52,<img src='https://s3.amazonaws.com/pickture-perfect/south_africa/img_277.jpg' style='max-height:400px; padding: 10px;'></img>,https://s3.amazonaws.com/pickture-perfect/south_africa/img_277.jpg
img53,<img src='https://s3.amazonaws.com/pickture-perfect/south_africa/img_398.jpg' style='max-height:400px; padding: 10px;'></img>,https://s3.amazonaws.com/pickture-perfect/south_africa/img_398.jpg
img54,<img src='https://s3.amazonaws.com/pickture-perfect/south_africa/img_217.jpg' style='max-height:400px; padding: 10px;'></img>,https://s3.amazonaws.com/pickture-perfect/south_africa/img_217.jpg
img55,<img src='https://s3.amazonaws.com/pickture-perfect/south_africa/img_303.jpg' style='max-height:400px; padding: 10px;'></img>,https://s3.amazonaws.com/pickture-perfect/south_africa/img_303.jpg
img56,<img src='https://s3.amazonaws.com/pickture-perfect/south_africa/img_415.jpg' style='max-height:400px; padding: 10px;'></img>,https://s3.amazonaws.com/pickture-perfect/south_africa/img_415.jpg
img57,<img src='https://s3.amazonaws.com/pickture-perfect/south_africa/img_182.jpg' style='max-height:400px; padding: 10px;'></img>,https://s3.amazonaws.com/pickture-perfect/south_africa/img_182.jpg
img58,<img src='https://s3.amazonaws.com/pickture-perfect/south_africa/img_366.jpg' style='max-height:400px; padding: 10px;'></img>,https://s3.amazonaws.com/pickture-perfect/south_africa/img_366.jpg
img59,<img src='https://s3.amazonaws.com/pickture-perfect/south_africa/img_92.jpg' style='max-height:400px; padding: 10px;'></img>,https://s3.amazonaws.com/pickture-perfect/south_africa/img_92.jpg
img60,<img src='https://s3.amazonaws.com/pickture-perfect/south_africa/img_280.jpg' style='max-height:400px; padding: 10px;'></img>,https://s3.amazonaws.com/pickture-perfect/south_africa/img_280.jpg
img61,<img src='https://s3.amazonaws.com/pickture-perfect/south_africa/img_291.jpg' style='max-height:400px; padding: 10px;'></img>,https://s3.amazonaws.com/pickture-perfect/south_africa/img_291.jpg
img62,<img src='https://s3.amazonaws.com/pickture-perfect/south_africa/img_128.jpg' style='max-height:400px; padding: 10px;'></img>,https://s3.amazonaws.com/pickture-perfect/south_africa/img_128.jpg
img63,<img src='https://s3.amazonaws.com/pickture-perfect/south_africa/img_213.jpg' style='max-height:400px; padding: 10px;'></img>,https://s3.amazonaws.com/pickture-perfect/south_africa/img_213.jpg
img64,<img src='https://s3.amazonaws.com/pickture-perfect/south_africa/img_374.jpg' style='max-height:400px; padding: 10px;'></img>,https://s3.amazonaws.com/pickture-perfect/south_africa/img_374.jpg
img65,<img src='https://s3.amazonaws.com/pickture-perfect/south_africa/img_34.jpg' style='max-height:400px; padding: 10px;'></img>,https://s3.amazonaws.com/pickture-perfect/south_africa/img_34.jpg
img66,<img src='https://s3.amazonaws.com/pickture-perfect/south_africa/img_285.jpg' style='max-height:400px; padding: 10px;'></img>,https://s3.amazonaws.com/pickture-perfect/south_africa/img_285.jpg
img67,<img src='https://s3.amazonaws.com/pickture-perfect/south_africa/img_351.jpg' style='max-height:400px; padding: 10px;'></img>,https://s3.amazonaws.com/pickture-perfect/south_africa/img_351.jpg
img68,<img src='https://s3.amazonaws.com/pickture-perfect/south_africa/img_413.jpg' style='max-height:400px; padding: 10px;'></img>,https://s3.amazonaws.com/pickture-perfect/south_africa/img_413.jpg
img69,<img src='https://s3.amazonaws.com/pickture-perfect/south_africa/img_191.jpg' style='max-height:400px; padding: 10px;'></img>,https://s3.amazonaws.com/pickture-perfect/south_africa/img_191.jpg
img70,<img src='https://s3.amazonaws.com/pickture-perfect/south_africa/img_395.jpg' style='max-height:400px; padding: 10px;'></img>,https://s3.amazonaws.com/pickture-perfect/south_africa/img_395.jpg
img71,<img src='https://s3.amazonaws.com/pickture-perfect/south_africa/img_314.jpg' style='max-height:400px; padding: 10px;'></img>,https://s3.amazonaws.com/pickture-perfect/south_africa/img_314.jpg
img72,<img src='https://s3.amazonaws.com/pickture-perfect/south_africa/img_315.jpg' style='max-height:400px; padding: 10px;'></img>,https://s3.amazonaws.com/pickture-perfect/south_africa/img_315.jpg
img73,<img src='https://s3.amazonaws.com/pickture-perfect/south_africa/img_134.jpg' style='max-height:400px; padding: 10px;'></img>,https://s3.amazonaws.com/pickture-perfect/south_africa/img_134.jpg
img74,<img src='https://s3.amazonaws.com/pickture-perfect/south_africa/img_155.jpg' style='max-height:400px; padding: 10px;'></img>,https://s3.amazonaws.com/pickture-perfect/south_africa/img_155.jpg
img75,<img src='https://s3.amazonaws.com/pickture-perfect/south_africa/img_31.jpg' style='max-height:400px; padding: 10px;'></img>,https://s3.amazonaws.com/pickture-perfect/south_africa/img_31.jpg
img76,<img src='https://s3.amazonaws.com/pickture-perfect/south_africa/img_188.jpg' style='max-height:400px; padding: 10px;'></img>,https://s3.amazonaws.com/pickture-perfect/south_africa/img_188.jpg
img77,<img src='https://s3.amazonaws.com/pickture-perfect/south_africa/img_165.jpg' style='max-height:400px; padding: 10px;'></img>,https://s3.amazonaws.com/pickture-perfect/south_africa/img_165.jpg
img78,<img src='https://s3.amazonaws.com/pickture-perfect/south_africa/img_225.jpg' style='max-height:400px; padding: 10px;'></img>,https://s3.amazonaws.com/pickture-perfect/south_africa/img_225.jpg
img79,<img src='https://s3.amazonaws.com/pickture-perfect/south_africa/img_162.jpg' style='max-height:400px; padding: 10px;'></img>,https://s3.amazonaws.com/pickture-perfect/south_africa/img_162.jpg
img80,<img src='https://s3.amazonaws.com/pickture-perfect/south_africa/img_66.jpg' style='max-height:400px; padding: 10px;'></img>,https://s3.amazonaws.com/pickture-perfect/south_africa/img_66.jpg
img81,<img src='https://s3.amazonaws.com/pickture-perfect/south_africa/img_267.jpg' style='max-height:400px; padding: 10px;'></img>,https://s3.amazonaws.com/pickture-perfect/south_africa/img_267.jpg
img82,<img src='https://s3.amazonaws.com/pickture-perfect/south_africa/img_308.jpg' style='max-height:400px; padding: 10px;'></img>,https://s3.amazonaws.com/pickture-perfect/south_africa/img_308.jpg
img83,<img src='https://s3.amazonaws.com/pickture-perfect/south_africa/img_259.jpg' style='max-height:400px; padding: 10px;'></img>,https://s3.amazonaws.com/pickture-perfect/south_africa/img_259.jpg
img84,<img src='https://s3.amazonaws.com/pickture-perfect/south_africa/img_112.jpg' style='max-height:400px; padding: 10px;'></img>,https://s3.amazonaws.com/pickture-perfect/south_africa/img_112.jpg
img85,<img src='https://s3.amazonaws.com/pickture-perfect/south_africa/img_22.jpg' style='max-height:400px; padding: 10px;'></img>,https://s3.amazonaws.com/pickture-perfect/south_africa/img_22.jpg
img86,<img src='https://s3.amazonaws.com/pickture-perfect/south_africa/img_271.jpg' style='max-height:400px; padding: 10px;'></img>,https://s3.amazonaws.com/pickture-perfect/south_africa/img_271.jpg
img87,<img src='https://s3.amazonaws.com/pickture-perfect/south_africa/img_290.jpg' style='max-height:400px; padding: 10px;'></img>,https://s3.amazonaws.com/pickture-perfect/south_africa/img_290.jpg
img88,<img src='https://s3.amazonaws.com/pickture-perfect/south_africa/img_274.jpg' style='max-height:400px; padding: 10px;'></img>,https://s3.amazonaws.com/pickture-perfect/south_africa/img_274.jpg
img89,<img src='https://s3.amazonaws.com/pickture-perfect/south_africa/neg_17.jpg' style='max-height:400px; padding: 10px;'></img>,https://s3.amazonaws.com/pickture-perfect/south_africa/neg_17.jpg
img90,<img src='https://s3.amazonaws.com/pickture-perfect/south_africa/neg_18.jpg' style='max-height:400px; padding: 10px;'></img>,https://s3.amazonaws.com/pickture-perfect/south_africa/neg_18.jpg
img91,<img src='https://s3.amazonaws.com/pickture-perfect/south_africa/neg_19.jpg' style='max-height:400px; padding: 10px;'></img>,https://s3.amazonaws.com/pickture-perfect/south_africa/neg_19.jpg
img92,<img src='https://s3.amazonaws.com/pickture-perfect/south_africa/neg_2.jpg' style='max-height:400px; padding: 10px;'></img>,https://s3.amazonaws.com/pickture-perfect/south_africa/neg_2.jpg
img93,<img src='https://s3.amazonaws.com/pickture-perfect/south_africa/neg_20.jpg' style='max-height:400px; padding: 10px;'></img>,https://s3.amazonaws.com/pickture-perfect/south_africa/neg_20.jpg
img94,<img src='https://s3.amazonaws.com/pickture-perfect/south_africa/neg_21.jpg' style='max-height:400px; padding: 10px;'></img>,https://s3.amazonaws.com/pickture-perfect/south_africa/neg_21.jpg
img95,<img src='https://s3.amazonaws.com/pickture-perfect/south_africa/neg_3.jpg' style='max-height:400px; padding: 10px;'></img>,https://s3.amazonaws.com/pickture-perfect/south_africa/neg_3.jpg
img96,<img src='https://s3.amazonaws.com/pickture-perfect/south_africa/neg_4.jpg' style='max-height:400px; padding: 10px;'></img>,https://s3.amazonaws.com/pickture-perfect/south_africa/neg_4.jpg
img97,<img src='https://s3.amazonaws.com/pickture-perfect/south_africa/neg_5.jpg' style='max-height:400px; padding: 10px;'></img>,https://s3.amazonaws.com/pickture-perfect/south_africa/neg_5.jpg
img98,<img src='https://s3.amazonaws.com/pickture-perfect/south_africa/neg_6.jpg' style='max-height:400px; padding: 10px;'></img>,https://s3.amazonaws.com/pickture-perfect/south_africa/neg_6.jpg
img99,<img src='https://s3.amazonaws.com/pickture-perfect/south_africa/neg_7.jpg' style='max-height:400px; padding: 10px;'></img>,https://s3.amazonaws.com/pickture-perfect/south_africa/neg_7.jpg
img100,<img src='https://s3.amazonaws.com/pickture-perfect/south_africa/neg_8.jpg' style='max-height:400px; padding: 10px;'></img>,https://s3.amazonaws.com/pickture-perfect/south_africa/neg_8.jpg