"HITId","HITTypeId","Title","Description","Keywords","Reward","CreationTime","MaxAssignments","RequesterAnnotation","AssignmentDurationInSeconds","AutoApprovalDelayInSeconds","Expiration","NumberOfSimilarHITs","LifetimeInSeconds","AssignmentId","WorkerId","AssignmentStatus","AcceptTime","SubmitTime","AutoApprovalTime","ApprovalTime","RejectionTime","RequesterFeedback","WorkTimeInSeconds","LifetimeApprovalRate","Last30DaysApprovalRate","Last7DaysApprovalRate","Input.img_url","Answer.checkboxes.1","Answer.checkboxes.2","Answer.checkboxes.3","Answer.checkboxes.4","Answer.checkboxes.5","Answer.checkboxes.6","Answer.checkboxes.7","Answer.checkboxes.8","Answer.radios.hasPeople","Answer.radios.noPeople","Approve","Reject"
"39KMGHJ4R1EDZPHTJKJOFF0VM9500I","3S0VMPP5OHC7ZW2RJHNUSTU742HXKD","Characterize Images","Categorize the given content based on the provided criteria","categorize, image","$0.01","Thu Apr 25 09:08:01 PDT 2019","3","BatchId:3620442;OriginalHitTemplateId:928390873;","3600","259200","Thu May 02 09:08:01 PDT 2019","","","32EYX73OY3DJ2OB216LPD2KCJ6MURD","ARIBVG7WV64QM","Submitted","Thu Apr 25 09:09:41 PDT 2019","Thu Apr 25 09:10:27 PDT 2019","Sun Apr 28 09:10:27 PDT 2019","","","","46","0% (0/0)","0% (0/0)","0% (0/0)","https://s3.amazonaws.com/pickture-perfect/budapest/img_7.jpg","false","false","true","false","false","false","false","false","true","false"
"39KMGHJ4R1EDZPHTJKJOFF0VM9500I","3S0VMPP5OHC7ZW2RJHNUSTU742HXKD","Characterize Images","Categorize the given content based on the provided criteria","categorize, image","$0.01","Thu Apr 25 09:08:01 PDT 2019","3","BatchId:3620442;OriginalHitTemplateId:928390873;","3600","259200","Thu May 02 09:08:01 PDT 2019","","","37W3JXSD69C5RTCTA1SK3MY679CWYG","A3AAC42XHLJPKM","Submitted","Thu Apr 25 09:08:58 PDT 2019","Thu Apr 25 09:10:05 PDT 2019","Sun Apr 28 09:10:05 PDT 2019","","","","67","0% (0/0)","0% (0/0)","0% (0/0)","https://s3.amazonaws.com/pickture-perfect/budapest/img_7.jpg","true","false","true","false","true","false","false","false","false","true"
"39KMGHJ4R1EDZPHTJKJOFF0VM9500I","3S0VMPP5OHC7ZW2RJHNUSTU742HXKD","Characterize Images","Categorize the given content based on the provided criteria","categorize, image","$0.01","Thu Apr 25 09:08:01 PDT 2019","3","BatchId:3620442;OriginalHitTemplateId:928390873;","3600","259200","Thu May 02 09:08:01 PDT 2019","","","3GNA64GUZH82586NNQOH00IRO3S5Q6","A3G235I8PH0325","Submitted","Thu Apr 25 09:09:31 PDT 2019","Thu Apr 25 09:10:37 PDT 2019","Sun Apr 28 09:10:37 PDT 2019","","","","66","0% (0/0)","0% (0/0)","0% (0/0)","https://s3.amazonaws.com/pickture-perfect/budapest/img_7.jpg","true","false","false","false","false","true","false","false","false","true"
"3GITHABAC0PNGVCEZDP09FPNR002NF","3S0VMPP5OHC7ZW2RJHNUSTU742HXKD","Characterize Images","Categorize the given content based on the provided criteria","categorize, image","$0.01","Thu Apr 25 09:08:01 PDT 2019","3","BatchId:3620442;OriginalHitTemplateId:928390873;","3600","259200","Thu May 02 09:08:01 PDT 2019","","","3P529IW9K1PJG8JZ1XTU5QAA3RJLFG","ARIBVG7WV64QM","Submitted","Thu Apr 25 09:12:15 PDT 2019","Thu Apr 25 09:13:02 PDT 2019","Sun Apr 28 09:13:02 PDT 2019","","","","47","0% (0/0)","0% (0/0)","0% (0/0)","https://s3.amazonaws.com/pickture-perfect/budapest/img_9.jpg","false","false","true","false","false","false","false","false","true","false"
"3GITHABAC0PNGVCEZDP09FPNR002NF","3S0VMPP5OHC7ZW2RJHNUSTU742HXKD","Characterize Images","Categorize the given content based on the provided criteria","categorize, image","$0.01","Thu Apr 25 09:08:01 PDT 2019","3","BatchId:3620442;OriginalHitTemplateId:928390873;","3600","259200","Thu May 02 09:08:01 PDT 2019","","","3TE22NPXPEGDKKFPBOYUS5B8SFG44J","AT9U8SRUUFLHG","Submitted","Thu Apr 25 09:15:11 PDT 2019","Thu Apr 25 09:16:05 PDT 2019","Sun Apr 28 09:16:05 PDT 2019","","","","54","0% (0/0)","0% (0/0)","0% (0/0)","https://s3.amazonaws.com/pickture-perfect/budapest/img_9.jpg","true","false","false","false","false","false","false","false","false","true"
"3GITHABAC0PNGVCEZDP09FPNR002NF","3S0VMPP5OHC7ZW2RJHNUSTU742HXKD","Characterize Images","Categorize the given content based on the provided criteria","categorize, image","$0.01","Thu Apr 25 09:08:01 PDT 2019","3","BatchId:3620442;OriginalHitTemplateId:928390873;","3600","259200","Thu May 02 09:08:01 PDT 2019","","","3ZV9H2YQQGB4BQF5LGZUDS2TY8IW3B","A3W0C04EXOY12C","Submitted","Thu Apr 25 09:11:47 PDT 2019","Thu Apr 25 09:12:18 PDT 2019","Sun Apr 28 09:12:18 PDT 2019","","","","31","0% (0/0)","0% (0/0)","0% (0/0)","https://s3.amazonaws.com/pickture-perfect/budapest/img_9.jpg","false","false","true","false","false","false","false","false","true","false"
"3WYZV0QBFLHMG2QEKC5K8AJPNKMXBV","3S0VMPP5OHC7ZW2RJHNUSTU742HXKD","Characterize Images","Categorize the given content based on the provided criteria","categorize, image","$0.01","Thu Apr 25 09:08:01 PDT 2019","3","BatchId:3620442;OriginalHitTemplateId:928390873;","3600","259200","Thu May 02 09:08:01 PDT 2019","","","304SM51WA68G7429G44ZYMXKGNYSBI","ARIBVG7WV64QM","Submitted","Thu Apr 25 09:09:52 PDT 2019","Thu Apr 25 09:10:53 PDT 2019","Sun Apr 28 09:10:53 PDT 2019","","","","61","0% (0/0)","0% (0/0)","0% (0/0)","https://s3.amazonaws.com/pickture-perfect/budapest/img_21.jpg","false","true","false","false","false","false","false","false","true","false"
"3WYZV0QBFLHMG2QEKC5K8AJPNKMXBV","3S0VMPP5OHC7ZW2RJHNUSTU742HXKD","Characterize Images","Categorize the given content based on the provided criteria","categorize, image","$0.01","Thu Apr 25 09:08:01 PDT 2019","3","BatchId:3620442;OriginalHitTemplateId:928390873;","3600","259200","Thu May 02 09:08:01 PDT 2019","","","31EUONYN2Y7GIQ8ME4EQFTHQMQCOVO","A3W0C04EXOY12C","Submitted","Thu Apr 25 09:13:37 PDT 2019","Thu Apr 25 09:14:18 PDT 2019","Sun Apr 28 09:14:18 PDT 2019","","","","41","0% (0/0)","0% (0/0)","0% (0/0)","https://s3.amazonaws.com/pickture-perfect/budapest/img_21.jpg","false","false","true","false","false","false","false","false","true","false"
"3WYZV0QBFLHMG2QEKC5K8AJPNKMXBV","3S0VMPP5OHC7ZW2RJHNUSTU742HXKD","Characterize Images","Categorize the given content based on the provided criteria","categorize, image","$0.01","Thu Apr 25 09:08:01 PDT 2019","3","BatchId:3620442;OriginalHitTemplateId:928390873;","3600","259200","Thu May 02 09:08:01 PDT 2019","","","3WEV0KO0OPW9M10TU0V5TCLKJ8ASDP","A2CR1GIBUQ88QM","Submitted","Thu Apr 25 09:09:53 PDT 2019","Thu Apr 25 09:10:13 PDT 2019","Sun Apr 28 09:10:13 PDT 2019","","","","20","0% (0/0)","0% (0/0)","0% (0/0)","https://s3.amazonaws.com/pickture-perfect/budapest/img_21.jpg","false","false","true","false","false","false","false","false","true","false"
"34ZTTGSNJZSCYISOYQKO0DQULU4QH7","3S0VMPP5OHC7ZW2RJHNUSTU742HXKD","Characterize Images","Categorize the given content based on the provided criteria","categorize, image","$0.01","Thu Apr 25 09:08:01 PDT 2019","3","BatchId:3620442;OriginalHitTemplateId:928390873;","3600","259200","Thu May 02 09:08:01 PDT 2019","","","3JAOYWH7VL8AFYSMYBT2VUOZ0TO9LC","ARIBVG7WV64QM","Submitted","Thu Apr 25 09:10:30 PDT 2019","Thu Apr 25 09:11:16 PDT 2019","Sun Apr 28 09:11:16 PDT 2019","","","","46","0% (0/0)","0% (0/0)","0% (0/0)","https://s3.amazonaws.com/pickture-perfect/budapest/img_13.jpg","false","true","false","false","false","false","false","false","true","false"
"34ZTTGSNJZSCYISOYQKO0DQULU4QH7","3S0VMPP5OHC7ZW2RJHNUSTU742HXKD","Characterize Images","Categorize the given content based on the provided criteria","categorize, image","$0.01","Thu Apr 25 09:08:01 PDT 2019","3","BatchId:3620442;OriginalHitTemplateId:928390873;","3600","259200","Thu May 02 09:08:01 PDT 2019","","","3OB0CAO74KTNU3H4F26K2JOJSL0HY2","A3W0C04EXOY12C","Submitted","Thu Apr 25 09:10:55 PDT 2019","Thu Apr 25 09:11:19 PDT 2019","Sun Apr 28 09:11:19 PDT 2019","","","","24","0% (0/0)","0% (0/0)","0% (0/0)","https://s3.amazonaws.com/pickture-perfect/budapest/img_13.jpg","true","false","false","false","false","false","false","false","true","false"
"34ZTTGSNJZSCYISOYQKO0DQULU4QH7","3S0VMPP5OHC7ZW2RJHNUSTU742HXKD","Characterize Images","Categorize the given content based on the provided criteria","categorize, image","$0.01","Thu Apr 25 09:08:01 PDT 2019","3","BatchId:3620442;OriginalHitTemplateId:928390873;","3600","259200","Thu May 02 09:08:01 PDT 2019","","","3RRCEFRB7PGX5J0YQ38H0JHE27X4BP","A18S7VHZ6X4F93","Submitted","Thu Apr 25 09:15:18 PDT 2019","Thu Apr 25 09:15:49 PDT 2019","Sun Apr 28 09:15:49 PDT 2019","","","","31","0% (0/0)","0% (0/0)","0% (0/0)","https://s3.amazonaws.com/pickture-perfect/budapest/img_13.jpg","false","false","true","false","false","false","false","false","true","false"
"3WPCIUYH1CC8EIFETYVTEXMJD9ATDF","3S0VMPP5OHC7ZW2RJHNUSTU742HXKD","Characterize Images","Categorize the given content based on the provided criteria","categorize, image","$0.01","Thu Apr 25 09:08:01 PDT 2019","3","BatchId:3620442;OriginalHitTemplateId:928390873;","3600","259200","Thu May 02 09:08:01 PDT 2019","","","3LBXNTKX0UZ5FS9BCUWQ6OJM72YX9M","A3W0C04EXOY12C","Submitted","Thu Apr 25 09:14:00 PDT 2019","Thu Apr 25 09:19:14 PDT 2019","Sun Apr 28 09:19:14 PDT 2019","","","","314","0% (0/0)","0% (0/0)","0% (0/0)","https://s3.amazonaws.com/pickture-perfect/budapest/img_32.jpg","false","false","true","false","false","false","false","false","true","false"
"3WPCIUYH1CC8EIFETYVTEXMJD9ATDF","3S0VMPP5OHC7ZW2RJHNUSTU742HXKD","Characterize Images","Categorize the given content based on the provided criteria","categorize, image","$0.01","Thu Apr 25 09:08:01 PDT 2019","3","BatchId:3620442;OriginalHitTemplateId:928390873;","3600","259200","Thu May 02 09:08:01 PDT 2019","","","3LO69W1SU6HPU8FUCHZCNBAM46JLGF","ARIBVG7WV64QM","Submitted","Thu Apr 25 09:12:34 PDT 2019","Thu Apr 25 09:13:21 PDT 2019","Sun Apr 28 09:13:21 PDT 2019","","","","47","0% (0/0)","0% (0/0)","0% (0/0)","https://s3.amazonaws.com/pickture-perfect/budapest/img_32.jpg","false","false","true","false","false","false","false","false","true","false"
"3WPCIUYH1CC8EIFETYVTEXMJD9ATDF","3S0VMPP5OHC7ZW2RJHNUSTU742HXKD","Characterize Images","Categorize the given content based on the provided criteria","categorize, image","$0.01","Thu Apr 25 09:08:01 PDT 2019","3","BatchId:3620442;OriginalHitTemplateId:928390873;","3600","259200","Thu May 02 09:08:01 PDT 2019","","","3LUY3GC6324WS0JRB6OPYF6DAD27PX","A18S7VHZ6X4F93","Submitted","Thu Apr 25 09:16:15 PDT 2019","Thu Apr 25 09:16:44 PDT 2019","Sun Apr 28 09:16:44 PDT 2019","","","","29","0% (0/0)","0% (0/0)","0% (0/0)","https://s3.amazonaws.com/pickture-perfect/budapest/img_32.jpg","false","false","true","false","false","false","false","false","true","false"
"386T3MLZLPZVHEMWEOW38U6D57H80D","3S0VMPP5OHC7ZW2RJHNUSTU742HXKD","Characterize Images","Categorize the given content based on the provided criteria","categorize, image","$0.01","Thu Apr 25 09:08:01 PDT 2019","3","BatchId:3620442;OriginalHitTemplateId:928390873;","3600","259200","Thu May 02 09:08:01 PDT 2019","","","35LDD5557D8E2CTY2KL6LGH4BSRKMK","AAFTW0Y54TW6D","Submitted","Thu Apr 25 09:15:41 PDT 2019","Thu Apr 25 09:15:52 PDT 2019","Sun Apr 28 09:15:52 PDT 2019","","","","11","0% (0/0)","0% (0/0)","0% (0/0)","https://s3.amazonaws.com/pickture-perfect/budapest/img_33.jpg","true","false","false","false","false","false","false","false","false","true"
"386T3MLZLPZVHEMWEOW38U6D57H80D","3S0VMPP5OHC7ZW2RJHNUSTU742HXKD","Characterize Images","Categorize the given content based on the provided criteria","categorize, image","$0.01","Thu Apr 25 09:08:01 PDT 2019","3","BatchId:3620442;OriginalHitTemplateId:928390873;","3600","259200","Thu May 02 09:08:01 PDT 2019","","","3MX2NQ3YCCYME57Z94J9U8EKL6F5X3","ARIBVG7WV64QM","Submitted","Thu Apr 25 09:09:48 PDT 2019","Thu Apr 25 09:10:02 PDT 2019","Sun Apr 28 09:10:02 PDT 2019","","","","14","0% (0/0)","0% (0/0)","0% (0/0)","https://s3.amazonaws.com/pickture-perfect/budapest/img_33.jpg","true","false","false","false","false","false","false","false","true","false"
"386T3MLZLPZVHEMWEOW38U6D57H80D","3S0VMPP5OHC7ZW2RJHNUSTU742HXKD","Characterize Images","Categorize the given content based on the provided criteria","categorize, image","$0.01","Thu Apr 25 09:08:01 PDT 2019","3","BatchId:3620442;OriginalHitTemplateId:928390873;","3600","259200","Thu May 02 09:08:01 PDT 2019","","","3TXMY6UCAHSN4TF220BPE6O1GKECQL","A3W0C04EXOY12C","Submitted","Thu Apr 25 09:10:13 PDT 2019","Thu Apr 25 09:12:18 PDT 2019","Sun Apr 28 09:12:18 PDT 2019","","","","125","0% (0/0)","0% (0/0)","0% (0/0)","https://s3.amazonaws.com/pickture-perfect/budapest/img_33.jpg","false","false","true","false","false","false","false","false","true","false"
"386659BNTNLD6E2BF3NOTKJ5R1B01L","3S0VMPP5OHC7ZW2RJHNUSTU742HXKD","Characterize Images","Categorize the given content based on the provided criteria","categorize, image","$0.01","Thu Apr 25 09:08:01 PDT 2019","3","BatchId:3620442;OriginalHitTemplateId:928390873;","3600","259200","Thu May 02 09:08:01 PDT 2019","","","32XVDSJFP21JLWP8DEF2LKVAUS52MG","AT9U8SRUUFLHG","Submitted","Thu Apr 25 09:16:56 PDT 2019","Thu Apr 25 09:17:20 PDT 2019","Sun Apr 28 09:17:20 PDT 2019","","","","24","0% (0/0)","0% (0/0)","0% (0/0)","https://s3.amazonaws.com/pickture-perfect/budapest/img_44.jpg","true","false","false","false","false","false","false","false","false","true"
"386659BNTNLD6E2BF3NOTKJ5R1B01L","3S0VMPP5OHC7ZW2RJHNUSTU742HXKD","Characterize Images","Categorize the given content based on the provided criteria","categorize, image","$0.01","Thu Apr 25 09:08:01 PDT 2019","3","BatchId:3620442;OriginalHitTemplateId:928390873;","3600","259200","Thu May 02 09:08:01 PDT 2019","","","39KFRKBFIQZXMK3RJF1AMSLK47EYO7","A3W0C04EXOY12C","Submitted","Thu Apr 25 09:13:42 PDT 2019","Thu Apr 25 09:14:01 PDT 2019","Sun Apr 28 09:14:01 PDT 2019","","","","19","0% (0/0)","0% (0/0)","0% (0/0)","https://s3.amazonaws.com/pickture-perfect/budapest/img_44.jpg","false","false","true","false","false","false","false","false","true","false"
"386659BNTNLD6E2BF3NOTKJ5R1B01L","3S0VMPP5OHC7ZW2RJHNUSTU742HXKD","Characterize Images","Categorize the given content based on the provided criteria","categorize, image","$0.01","Thu Apr 25 09:08:01 PDT 2019","3","BatchId:3620442;OriginalHitTemplateId:928390873;","3600","259200","Thu May 02 09:08:01 PDT 2019","","","3TK8OJTYM4PY3QKNT4R54TMGWV8VPC","ARIBVG7WV64QM","Submitted","Thu Apr 25 09:11:21 PDT 2019","Thu Apr 25 09:12:25 PDT 2019","Sun Apr 28 09:12:25 PDT 2019","","","","64","0% (0/0)","0% (0/0)","0% (0/0)","https://s3.amazonaws.com/pickture-perfect/budapest/img_44.jpg","false","false","true","false","false","false","false","false","true","false"
"38Z7YZ2SB56CUD3848290PR9L7JQI0","3S0VMPP5OHC7ZW2RJHNUSTU742HXKD","Characterize Images","Categorize the given content based on the provided criteria","categorize, image","$0.01","Thu Apr 25 09:08:01 PDT 2019","3","BatchId:3620442;OriginalHitTemplateId:928390873;","3600","259200","Thu May 02 09:08:01 PDT 2019","","","30MVJZJNHPH4K84MVQHPFFB7W4J9JA","ARIBVG7WV64QM","Submitted","Thu Apr 25 09:10:27 PDT 2019","Thu Apr 25 09:11:32 PDT 2019","Sun Apr 28 09:11:32 PDT 2019","","","","65","0% (0/0)","0% (0/0)","0% (0/0)","https://s3.amazonaws.com/pickture-perfect/budapest/img_11.jpg","false","false","true","false","false","false","false","false","true","false"
"38Z7YZ2SB56CUD3848290PR9L7JQI0","3S0VMPP5OHC7ZW2RJHNUSTU742HXKD","Characterize Images","Categorize the given content based on the provided criteria","categorize, image","$0.01","Thu Apr 25 09:08:01 PDT 2019","3","BatchId:3620442;OriginalHitTemplateId:928390873;","3600","259200","Thu May 02 09:08:01 PDT 2019","","","3JMSRU9HQLYU6ZVXKQBUAHNCIO6EVA","A3W0C04EXOY12C","Submitted","Thu Apr 25 09:10:24 PDT 2019","Thu Apr 25 09:10:50 PDT 2019","Sun Apr 28 09:10:50 PDT 2019","","","","26","0% (0/0)","0% (0/0)","0% (0/0)","https://s3.amazonaws.com/pickture-perfect/budapest/img_11.jpg","false","false","false","true","false","false","false","false","true","false"
"38Z7YZ2SB56CUD3848290PR9L7JQI0","3S0VMPP5OHC7ZW2RJHNUSTU742HXKD","Characterize Images","Categorize the given content based on the provided criteria","categorize, image","$0.01","Thu Apr 25 09:08:01 PDT 2019","3","BatchId:3620442;OriginalHitTemplateId:928390873;","3600","259200","Thu May 02 09:08:01 PDT 2019","","","3YMU66OBIQCN8CW4LWKEVJHFNPAGH3","A31JBZACRKCHZ5","Submitted","Thu Apr 25 09:12:39 PDT 2019","Thu Apr 25 09:13:19 PDT 2019","Sun Apr 28 09:13:19 PDT 2019","","","","40","0% (0/0)","0% (0/0)","0% (0/0)","https://s3.amazonaws.com/pickture-perfect/budapest/img_11.jpg","false","true","false","true","false","true","false","false","false","true"
"30UZJB2POJG8BO2RZD7JY8UT6T0533","3S0VMPP5OHC7ZW2RJHNUSTU742HXKD","Characterize Images","Categorize the given content based on the provided criteria","categorize, image","$0.01","Thu Apr 25 09:08:01 PDT 2019","3","BatchId:3620442;OriginalHitTemplateId:928390873;","3600","259200","Thu May 02 09:08:01 PDT 2019","","","32SCWG5HIK8DO05MSWJXS16HF2HP6F","A3W0C04EXOY12C","Submitted","Thu Apr 25 09:14:13 PDT 2019","Thu Apr 25 09:16:52 PDT 2019","Sun Apr 28 09:16:52 PDT 2019","","","","159","0% (0/0)","0% (0/0)","0% (0/0)","https://s3.amazonaws.com/pickture-perfect/budapest/img_8.jpg","false","false","true","false","false","false","false","false","true","false"
"30UZJB2POJG8BO2RZD7JY8UT6T0533","3S0VMPP5OHC7ZW2RJHNUSTU742HXKD","Characterize Images","Categorize the given content based on the provided criteria","categorize, image","$0.01","Thu Apr 25 09:08:01 PDT 2019","3","BatchId:3620442;OriginalHitTemplateId:928390873;","3600","259200","Thu May 02 09:08:01 PDT 2019","","","3NGMS9VZTOMXGG93FMQWAD5Q6VYFF6","A18L40VEF1KVE3","Submitted","Thu Apr 25 09:16:00 PDT 2019","Thu Apr 25 09:16:27 PDT 2019","Sun Apr 28 09:16:27 PDT 2019","","","","27","0% (0/0)","0% (0/0)","0% (0/0)","https://s3.amazonaws.com/pickture-perfect/budapest/img_8.jpg","false","true","true","false","true","false","false","false","false","true"
"30UZJB2POJG8BO2RZD7JY8UT6T0533","3S0VMPP5OHC7ZW2RJHNUSTU742HXKD","Characterize Images","Categorize the given content based on the provided criteria","categorize, image","$0.01","Thu Apr 25 09:08:01 PDT 2019","3","BatchId:3620442;OriginalHitTemplateId:928390873;","3600","259200","Thu May 02 09:08:01 PDT 2019","","","3VBEN272MN3CYLAKWQWDZXOHW0RSG0","ARIBVG7WV64QM","Submitted","Thu Apr 25 09:14:25 PDT 2019","Thu Apr 25 09:16:23 PDT 2019","Sun Apr 28 09:16:23 PDT 2019","","","","118","0% (0/0)","0% (0/0)","0% (0/0)","https://s3.amazonaws.com/pickture-perfect/budapest/img_8.jpg","false","false","true","false","false","false","false","false","true","false"
"38DCH97KHJ68PONEMQN9CQ69YM8QJC","3S0VMPP5OHC7ZW2RJHNUSTU742HXKD","Characterize Images","Categorize the given content based on the provided criteria","categorize, image","$0.01","Thu Apr 25 09:08:01 PDT 2019","3","BatchId:3620442;OriginalHitTemplateId:928390873;","3600","259200","Thu May 02 09:08:01 PDT 2019","","","31LVTDXBLAEGJYO8SSTOMFOT6FTRLG","A34859WUY0KMJ6","Submitted","Thu Apr 25 09:08:34 PDT 2019","Thu Apr 25 09:09:13 PDT 2019","Sun Apr 28 09:09:13 PDT 2019","","","","39","0% (0/0)","0% (0/0)","0% (0/0)","https://s3.amazonaws.com/pickture-perfect/budapest/img_24.jpg","true","false","false","true","true","false","false","false","false","true"
"38DCH97KHJ68PONEMQN9CQ69YM8QJC","3S0VMPP5OHC7ZW2RJHNUSTU742HXKD","Characterize Images","Categorize the given content based on the provided criteria","categorize, image","$0.01","Thu Apr 25 09:08:01 PDT 2019","3","BatchId:3620442;OriginalHitTemplateId:928390873;","3600","259200","Thu May 02 09:08:01 PDT 2019","","","39N5ACM9HHR06J7KQ3M9CBXJ53P9PA","ARIBVG7WV64QM","Submitted","Thu Apr 25 09:10:39 PDT 2019","Thu Apr 25 09:11:03 PDT 2019","Sun Apr 28 09:11:03 PDT 2019","","","","24","0% (0/0)","0% (0/0)","0% (0/0)","https://s3.amazonaws.com/pickture-perfect/budapest/img_24.jpg","false","false","true","false","false","false","false","false","true","false"
"38DCH97KHJ68PONEMQN9CQ69YM8QJC","3S0VMPP5OHC7ZW2RJHNUSTU742HXKD","Characterize Images","Categorize the given content based on the provided criteria","categorize, image","$0.01","Thu Apr 25 09:08:01 PDT 2019","3","BatchId:3620442;OriginalHitTemplateId:928390873;","3600","259200","Thu May 02 09:08:01 PDT 2019","","","3OUYGIZWRA2IAPJ7Q73GJ0WQ2ZUP0D","A2CR1GIBUQ88QM","Submitted","Thu Apr 25 09:09:01 PDT 2019","Thu Apr 25 09:09:50 PDT 2019","Sun Apr 28 09:09:50 PDT 2019","","","","49","0% (0/0)","0% (0/0)","0% (0/0)","https://s3.amazonaws.com/pickture-perfect/budapest/img_24.jpg","false","false","true","false","false","false","false","false","true","false"
"33NKDW9FFZM5Q7IKYC1FJUP755MXC2","3S0VMPP5OHC7ZW2RJHNUSTU742HXKD","Characterize Images","Categorize the given content based on the provided criteria","categorize, image","$0.01","Thu Apr 25 09:08:01 PDT 2019","3","BatchId:3620442;OriginalHitTemplateId:928390873;","3600","259200","Thu May 02 09:08:01 PDT 2019","","","340UGXU9D15BVVSJAQQZEZ9F4C0UV7","ARIBVG7WV64QM","Submitted","Thu Apr 25 09:13:35 PDT 2019","Thu Apr 25 09:14:20 PDT 2019","Sun Apr 28 09:14:20 PDT 2019","","","","45","0% (0/0)","0% (0/0)","0% (0/0)","https://s3.amazonaws.com/pickture-perfect/budapest/img_22.jpg","false","false","true","false","false","false","false","false","true","false"
"33NKDW9FFZM5Q7IKYC1FJUP755MXC2","3S0VMPP5OHC7ZW2RJHNUSTU742HXKD","Characterize Images","Categorize the given content based on the provided criteria","categorize, image","$0.01","Thu Apr 25 09:08:01 PDT 2019","3","BatchId:3620442;OriginalHitTemplateId:928390873;","3600","259200","Thu May 02 09:08:01 PDT 2019","","","3634BBTX0RYHQ7BTGUWHDAIIMNPFIW","A3W0C04EXOY12C","Submitted","Thu Apr 25 09:11:23 PDT 2019","Thu Apr 25 09:11:57 PDT 2019","Sun Apr 28 09:11:57 PDT 2019","","","","34","0% (0/0)","0% (0/0)","0% (0/0)","https://s3.amazonaws.com/pickture-perfect/budapest/img_22.jpg","true","false","false","false","false","false","false","false","true","false"
"33NKDW9FFZM5Q7IKYC1FJUP755MXC2","3S0VMPP5OHC7ZW2RJHNUSTU742HXKD","Characterize Images","Categorize the given content based on the provided criteria","categorize, image","$0.01","Thu Apr 25 09:08:01 PDT 2019","3","BatchId:3620442;OriginalHitTemplateId:928390873;","3600","259200","Thu May 02 09:08:01 PDT 2019","","","3LJ7UR74RKHZ6SPVTTDQREH8JWB4NE","A18S7VHZ6X4F93","Submitted","Thu Apr 25 09:15:50 PDT 2019","Thu Apr 25 09:16:15 PDT 2019","Sun Apr 28 09:16:15 PDT 2019","","","","25","0% (0/0)","0% (0/0)","0% (0/0)","https://s3.amazonaws.com/pickture-perfect/budapest/img_22.jpg","false","false","true","false","false","false","false","false","true","false"
"37SDSEDINB6VO37EA703MZPNAZN81G","3S0VMPP5OHC7ZW2RJHNUSTU742HXKD","Characterize Images","Categorize the given content based on the provided criteria","categorize, image","$0.01","Thu Apr 25 09:08:01 PDT 2019","3","BatchId:3620442;OriginalHitTemplateId:928390873;","3600","259200","Thu May 02 09:08:01 PDT 2019","","","39LOEL67OV9TLPJNNDJOZCZ7G1H385","A3M7RR55X24MHD","Submitted","Thu Apr 25 09:21:28 PDT 2019","Thu Apr 25 09:23:02 PDT 2019","Sun Apr 28 09:23:02 PDT 2019","","","","94","0% (0/0)","0% (0/0)","0% (0/0)","https://s3.amazonaws.com/pickture-perfect/budapest/neg_3.jpg","false","true","false","true","false","false","false","false","false","true"
"37SDSEDINB6VO37EA703MZPNAZN81G","3S0VMPP5OHC7ZW2RJHNUSTU742HXKD","Characterize Images","Categorize the given content based on the provided criteria","categorize, image","$0.01","Thu Apr 25 09:08:01 PDT 2019","3","BatchId:3620442;OriginalHitTemplateId:928390873;","3600","259200","Thu May 02 09:08:01 PDT 2019","","","3K4J6M3CXHX8YPOQFQAMEXUBAUKAGM","ARIBVG7WV64QM","Submitted","Thu Apr 25 09:11:29 PDT 2019","Thu Apr 25 09:12:15 PDT 2019","Sun Apr 28 09:12:15 PDT 2019","","","","46","0% (0/0)","0% (0/0)","0% (0/0)","https://s3.amazonaws.com/pickture-perfect/budapest/neg_3.jpg","false","false","true","false","false","false","false","false","true","false"
"37SDSEDINB6VO37EA703MZPNAZN81G","3S0VMPP5OHC7ZW2RJHNUSTU742HXKD","Characterize Images","Categorize the given content based on the provided criteria","categorize, image","$0.01","Thu Apr 25 09:08:01 PDT 2019","3","BatchId:3620442;OriginalHitTemplateId:928390873;","3600","259200","Thu May 02 09:08:01 PDT 2019","","","3MB8LZR5BIXUWUBD28KRL32FBN0LKI","A3W0C04EXOY12C","Submitted","Thu Apr 25 09:12:35 PDT 2019","Thu Apr 25 09:12:50 PDT 2019","Sun Apr 28 09:12:50 PDT 2019","","","","15","0% (0/0)","0% (0/0)","0% (0/0)","https://s3.amazonaws.com/pickture-perfect/budapest/neg_3.jpg","false","false","true","false","false","false","false","false","true","false"
"3UQVX1UPFULKVZK7Y7N2Y3TAJ7P022","3S0VMPP5OHC7ZW2RJHNUSTU742HXKD","Characterize Images","Categorize the given content based on the provided criteria","categorize, image","$0.01","Thu Apr 25 09:08:01 PDT 2019","3","BatchId:3620442;OriginalHitTemplateId:928390873;","3600","259200","Thu May 02 09:08:01 PDT 2019","","","32AT8R96GODV33BFGVLU3CP8586SU0","A3W0C04EXOY12C","Submitted","Thu Apr 25 09:11:00 PDT 2019","Thu Apr 25 09:11:30 PDT 2019","Sun Apr 28 09:11:30 PDT 2019","","","","30","0% (0/0)","0% (0/0)","0% (0/0)","https://s3.amazonaws.com/pickture-perfect/budapest/img_31.jpg","true","false","false","false","false","false","false","false","true","false"
"3UQVX1UPFULKVZK7Y7N2Y3TAJ7P022","3S0VMPP5OHC7ZW2RJHNUSTU742HXKD","Characterize Images","Categorize the given content based on the provided criteria","categorize, image","$0.01","Thu Apr 25 09:08:01 PDT 2019","3","BatchId:3620442;OriginalHitTemplateId:928390873;","3600","259200","Thu May 02 09:08:01 PDT 2019","","","3E47SOBEYT0ANVRJPS6G54XFPAXICO","A1M2NBFB7EX8I0","Submitted","Thu Apr 25 09:11:22 PDT 2019","Thu Apr 25 09:11:54 PDT 2019","Sun Apr 28 09:11:54 PDT 2019","","","","32","0% (0/0)","0% (0/0)","0% (0/0)","https://s3.amazonaws.com/pickture-perfect/budapest/img_31.jpg","true","false","true","false","false","false","false","false","false","true"
"3UQVX1UPFULKVZK7Y7N2Y3TAJ7P022","3S0VMPP5OHC7ZW2RJHNUSTU742HXKD","Characterize Images","Categorize the given content based on the provided criteria","categorize, image","$0.01","Thu Apr 25 09:08:01 PDT 2019","3","BatchId:3620442;OriginalHitTemplateId:928390873;","3600","259200","Thu May 02 09:08:01 PDT 2019","","","3TPWUS5F8C5SOQBOE9AV6V6N4LVWC9","ARIBVG7WV64QM","Submitted","Thu Apr 25 09:12:16 PDT 2019","Thu Apr 25 09:12:49 PDT 2019","Sun Apr 28 09:12:49 PDT 2019","","","","33","0% (0/0)","0% (0/0)","0% (0/0)","https://s3.amazonaws.com/pickture-perfect/budapest/img_31.jpg","false","false","true","false","false","false","false","false","true","false"
"3LAZVA75NKV5YGCQ0SPDO4PSHA52OU","3S0VMPP5OHC7ZW2RJHNUSTU742HXKD","Characterize Images","Categorize the given content based on the provided criteria","categorize, image","$0.01","Thu Apr 25 09:08:01 PDT 2019","3","BatchId:3620442;OriginalHitTemplateId:928390873;","3600","259200","Thu May 02 09:08:01 PDT 2019","","","33L7PJKHCJ2YK6HH2SPFHP35A0S8TP","A3G235I8PH0325","Submitted","Thu Apr 25 09:10:49 PDT 2019","Thu Apr 25 09:11:34 PDT 2019","Sun Apr 28 09:11:34 PDT 2019","","","","45","0% (0/0)","0% (0/0)","0% (0/0)","https://s3.amazonaws.com/pickture-perfect/budapest/img_25.jpg","true","false","false","true","false","false","false","true","true","false"
"3LAZVA75NKV5YGCQ0SPDO4PSHA52OU","3S0VMPP5OHC7ZW2RJHNUSTU742HXKD","Characterize Images","Categorize the given content based on the provided criteria","categorize, image","$0.01","Thu Apr 25 09:08:01 PDT 2019","3","BatchId:3620442;OriginalHitTemplateId:928390873;","3600","259200","Thu May 02 09:08:01 PDT 2019","","","3B837J3LDR03NBJYC1QPY12OY92SRW","A3AAC42XHLJPKM","Submitted","Thu Apr 25 09:10:50 PDT 2019","Thu Apr 25 09:11:47 PDT 2019","Sun Apr 28 09:11:47 PDT 2019","","","","57","0% (0/0)","0% (0/0)","0% (0/0)","https://s3.amazonaws.com/pickture-perfect/budapest/img_25.jpg","true","false","false","false","false","false","false","false","true","false"
"3LAZVA75NKV5YGCQ0SPDO4PSHA52OU","3S0VMPP5OHC7ZW2RJHNUSTU742HXKD","Characterize Images","Categorize the given content based on the provided criteria","categorize, image","$0.01","Thu Apr 25 09:08:01 PDT 2019","3","BatchId:3620442;OriginalHitTemplateId:928390873;","3600","259200","Thu May 02 09:08:01 PDT 2019","","","3JC6VJ2SAENAISZ6YURVA03MKL6A54","A289DF24X3Q8JZ","Submitted","Thu Apr 25 09:11:03 PDT 2019","Thu Apr 25 09:11:22 PDT 2019","Sun Apr 28 09:11:22 PDT 2019","","","","19","0% (0/0)","0% (0/0)","0% (0/0)","https://s3.amazonaws.com/pickture-perfect/budapest/img_25.jpg","false","false","false","true","false","false","false","false","true","false"
"3S829FDFT45FVZOYY8WQ307PQ5YXD2","3S0VMPP5OHC7ZW2RJHNUSTU742HXKD","Characterize Images","Categorize the given content based on the provided criteria","categorize, image","$0.01","Thu Apr 25 09:08:01 PDT 2019","3","BatchId:3620442;OriginalHitTemplateId:928390873;","3600","259200","Thu May 02 09:08:01 PDT 2019","","","39RP059MEKXD99P4W78DMDYEOYHMB1","ABCLP7U4UJ0BI","Submitted","Thu Apr 25 09:14:11 PDT 2019","Thu Apr 25 09:14:52 PDT 2019","Sun Apr 28 09:14:52 PDT 2019","","","","41","0% (0/0)","0% (0/0)","0% (0/0)","https://s3.amazonaws.com/pickture-perfect/budapest/img_17.jpg","false","false","false","true","false","false","false","false","false","true"
"3S829FDFT45FVZOYY8WQ307PQ5YXD2","3S0VMPP5OHC7ZW2RJHNUSTU742HXKD","Characterize Images","Categorize the given content based on the provided criteria","categorize, image","$0.01","Thu Apr 25 09:08:01 PDT 2019","3","BatchId:3620442;OriginalHitTemplateId:928390873;","3600","259200","Thu May 02 09:08:01 PDT 2019","","","3P4RDNWND8AXV9XPZKN2S8AAFU6IJ2","ARIBVG7WV64QM","Submitted","Thu Apr 25 09:11:40 PDT 2019","Thu Apr 25 09:12:15 PDT 2019","Sun Apr 28 09:12:15 PDT 2019","","","","35","0% (0/0)","0% (0/0)","0% (0/0)","https://s3.amazonaws.com/pickture-perfect/budapest/img_17.jpg","false","false","true","false","false","false","false","false","true","false"
"3S829FDFT45FVZOYY8WQ307PQ5YXD2","3S0VMPP5OHC7ZW2RJHNUSTU742HXKD","Characterize Images","Categorize the given content based on the provided criteria","categorize, image","$0.01","Thu Apr 25 09:08:01 PDT 2019","3","BatchId:3620442;OriginalHitTemplateId:928390873;","3600","259200","Thu May 02 09:08:01 PDT 2019","","","3SKEMFQBZ69ZHNRU8JBNGYG9RN1K8V","A3W0C04EXOY12C","Submitted","Thu Apr 25 09:14:20 PDT 2019","Thu Apr 25 09:15:11 PDT 2019","Sun Apr 28 09:15:11 PDT 2019","","","","51","0% (0/0)","0% (0/0)","0% (0/0)","https://s3.amazonaws.com/pickture-perfect/budapest/img_17.jpg","false","false","true","false","false","false","false","false","true","false"
"3DQYSJDTYNFKN52YU37A9IPAQHZXEV","3S0VMPP5OHC7ZW2RJHNUSTU742HXKD","Characterize Images","Categorize the given content based on the provided criteria","categorize, image","$0.01","Thu Apr 25 09:08:02 PDT 2019","3","BatchId:3620442;OriginalHitTemplateId:928390873;","3600","259200","Thu May 02 09:08:02 PDT 2019","","","37M28K1J0THIPRERNWVPBAMR2M1JAZ","A3W0C04EXOY12C","Submitted","Thu Apr 25 09:12:47 PDT 2019","Thu Apr 25 09:14:22 PDT 2019","Sun Apr 28 09:14:22 PDT 2019","","","","95","0% (0/0)","0% (0/0)","0% (0/0)","https://s3.amazonaws.com/pickture-perfect/budapest/img_14.jpg","false","false","true","false","false","false","false","false","true","false"
"3DQYSJDTYNFKN52YU37A9IPAQHZXEV","3S0VMPP5OHC7ZW2RJHNUSTU742HXKD","Characterize Images","Categorize the given content based on the provided criteria","categorize, image","$0.01","Thu Apr 25 09:08:02 PDT 2019","3","BatchId:3620442;OriginalHitTemplateId:928390873;","3600","259200","Thu May 02 09:08:02 PDT 2019","","","3F1567XTNZ9L6V8ZQG1YCGNTAZBQ9I","A1M2NBFB7EX8I0","Submitted","Thu Apr 25 09:10:57 PDT 2019","Thu Apr 25 09:11:21 PDT 2019","Sun Apr 28 09:11:21 PDT 2019","","","","24","0% (0/0)","0% (0/0)","0% (0/0)","https://s3.amazonaws.com/pickture-perfect/budapest/img_14.jpg","true","false","false","false","false","false","false","false","false","true"
"3DQYSJDTYNFKN52YU37A9IPAQHZXEV","3S0VMPP5OHC7ZW2RJHNUSTU742HXKD","Characterize Images","Categorize the given content based on the provided criteria","categorize, image","$0.01","Thu Apr 25 09:08:02 PDT 2019","3","BatchId:3620442;OriginalHitTemplateId:928390873;","3600","259200","Thu May 02 09:08:02 PDT 2019","","","3ITXP059PZNMPN0L4WHGWAGXOS7SJ3","ARIBVG7WV64QM","Submitted","Thu Apr 25 09:10:16 PDT 2019","Thu Apr 25 09:11:16 PDT 2019","Sun Apr 28 09:11:16 PDT 2019","","","","60","0% (0/0)","0% (0/0)","0% (0/0)","https://s3.amazonaws.com/pickture-perfect/budapest/img_14.jpg","true","false","false","false","false","false","false","false","true","false"
"30P8I9JKOKPSNX4AJNDPH3MCXDSV5P","3S0VMPP5OHC7ZW2RJHNUSTU742HXKD","Characterize Images","Categorize the given content based on the provided criteria","categorize, image","$0.01","Thu Apr 25 09:08:02 PDT 2019","3","BatchId:3620442;OriginalHitTemplateId:928390873;","3600","259200","Thu May 02 09:08:02 PDT 2019","","","386CSBG1O2QYOC61S9YMS6WRKY3Q67","ARIBVG7WV64QM","Submitted","Thu Apr 25 09:10:50 PDT 2019","Thu Apr 25 09:11:50 PDT 2019","Sun Apr 28 09:11:50 PDT 2019","","","","60","0% (0/0)","0% (0/0)","0% (0/0)","https://s3.amazonaws.com/pickture-perfect/budapest/img_29.jpg","true","false","false","false","false","false","false","false","true","false"
"30P8I9JKOKPSNX4AJNDPH3MCXDSV5P","3S0VMPP5OHC7ZW2RJHNUSTU742HXKD","Characterize Images","Categorize the given content based on the provided criteria","categorize, image","$0.01","Thu Apr 25 09:08:02 PDT 2019","3","BatchId:3620442;OriginalHitTemplateId:928390873;","3600","259200","Thu May 02 09:08:02 PDT 2019","","","39LOEL67OV9TLPJNNDJOZCZ7G1U38I","A3C08IKA80JZGM","Submitted","Thu Apr 25 10:19:54 PDT 2019","Thu Apr 25 10:23:00 PDT 2019","Sun Apr 28 10:23:00 PDT 2019","","","","186","0% (0/0)","0% (0/0)","0% (0/0)","https://s3.amazonaws.com/pickture-perfect/budapest/img_29.jpg","false","false","false","true","false","false","false","false","false","true"
"30P8I9JKOKPSNX4AJNDPH3MCXDSV5P","3S0VMPP5OHC7ZW2RJHNUSTU742HXKD","Characterize Images","Categorize the given content based on the provided criteria","categorize, image","$0.01","Thu Apr 25 09:08:02 PDT 2019","3","BatchId:3620442;OriginalHitTemplateId:928390873;","3600","259200","Thu May 02 09:08:02 PDT 2019","","","3HWRJOOET86EE7ETQV6PZU35JKCSEJ","A3W0C04EXOY12C","Submitted","Thu Apr 25 09:14:16 PDT 2019","Thu Apr 25 09:14:53 PDT 2019","Sun Apr 28 09:14:53 PDT 2019","","","","37","0% (0/0)","0% (0/0)","0% (0/0)","https://s3.amazonaws.com/pickture-perfect/budapest/img_29.jpg","true","false","false","false","false","false","false","false","true","false"
"3S8A4GJRD57O614OO6NU990CT83V65","3S0VMPP5OHC7ZW2RJHNUSTU742HXKD","Characterize Images","Categorize the given content based on the provided criteria","categorize, image","$0.01","Thu Apr 25 09:08:02 PDT 2019","3","BatchId:3620442;OriginalHitTemplateId:928390873;","3600","259200","Thu May 02 09:08:02 PDT 2019","","","31T4R4OBOVKDYBAN612JEF76BUNC7O","A2D82F7ISCN427","Submitted","Thu Apr 25 09:15:02 PDT 2019","Thu Apr 25 09:16:00 PDT 2019","Sun Apr 28 09:16:00 PDT 2019","","","","58","0% (0/0)","0% (0/0)","0% (0/0)","https://s3.amazonaws.com/pickture-perfect/budapest/img_15.jpg","false","false","false","true","false","false","false","false","false","true"
"3S8A4GJRD57O614OO6NU990CT83V65","3S0VMPP5OHC7ZW2RJHNUSTU742HXKD","Characterize Images","Categorize the given content based on the provided criteria","categorize, image","$0.01","Thu Apr 25 09:08:02 PDT 2019","3","BatchId:3620442;OriginalHitTemplateId:928390873;","3600","259200","Thu May 02 09:08:02 PDT 2019","","","39ZSFO5CAB0240SPT1CGBBYL9PTJUB","ARIBVG7WV64QM","Submitted","Thu Apr 25 09:13:50 PDT 2019","Thu Apr 25 09:14:39 PDT 2019","Sun Apr 28 09:14:39 PDT 2019","","","","49","0% (0/0)","0% (0/0)","0% (0/0)","https://s3.amazonaws.com/pickture-perfect/budapest/img_15.jpg","false","false","true","false","false","false","false","false","true","false"
"3S8A4GJRD57O614OO6NU990CT83V65","3S0VMPP5OHC7ZW2RJHNUSTU742HXKD","Characterize Images","Categorize the given content based on the provided criteria","categorize, image","$0.01","Thu Apr 25 09:08:02 PDT 2019","3","BatchId:3620442;OriginalHitTemplateId:928390873;","3600","259200","Thu May 02 09:08:02 PDT 2019","","","3H7XDTSHKFV552RTGV6EWMR22DNGW3","A3W0C04EXOY12C","Submitted","Thu Apr 25 09:13:24 PDT 2019","Thu Apr 25 09:13:45 PDT 2019","Sun Apr 28 09:13:45 PDT 2019","","","","21","0% (0/0)","0% (0/0)","0% (0/0)","https://s3.amazonaws.com/pickture-perfect/budapest/img_15.jpg","false","false","true","false","false","false","false","false","true","false"
"3MIVREZQVJ2308TW4BNLD56MDB8QKB","3S0VMPP5OHC7ZW2RJHNUSTU742HXKD","Characterize Images","Categorize the given content based on the provided criteria","categorize, image","$0.01","Thu Apr 25 09:08:02 PDT 2019","3","BatchId:3620442;OriginalHitTemplateId:928390873;","3600","259200","Thu May 02 09:08:02 PDT 2019","","","3FK0YFF9P2KB8AHJFG04ALBYIJ9VVX","ARIBVG7WV64QM","Submitted","Thu Apr 25 09:11:33 PDT 2019","Thu Apr 25 09:12:21 PDT 2019","Sun Apr 28 09:12:21 PDT 2019","","","","48","0% (0/0)","0% (0/0)","0% (0/0)","https://s3.amazonaws.com/pickture-perfect/budapest/img_10.jpg","false","false","true","false","false","false","false","false","true","false"
"3MIVREZQVJ2308TW4BNLD56MDB8QKB","3S0VMPP5OHC7ZW2RJHNUSTU742HXKD","Characterize Images","Categorize the given content based on the provided criteria","categorize, image","$0.01","Thu Apr 25 09:08:02 PDT 2019","3","BatchId:3620442;OriginalHitTemplateId:928390873;","3600","259200","Thu May 02 09:08:02 PDT 2019","","","3IAS3U3I0IKN25LBMPPT74KGIT0B2Z","A3W0C04EXOY12C","Submitted","Thu Apr 25 09:12:53 PDT 2019","Thu Apr 25 09:13:21 PDT 2019","Sun Apr 28 09:13:21 PDT 2019","","","","28","0% (0/0)","0% (0/0)","0% (0/0)","https://s3.amazonaws.com/pickture-perfect/budapest/img_10.jpg","false","false","true","false","false","false","false","false","true","false"
"3MIVREZQVJ2308TW4BNLD56MDB8QKB","3S0VMPP5OHC7ZW2RJHNUSTU742HXKD","Characterize Images","Categorize the given content based on the provided criteria","categorize, image","$0.01","Thu Apr 25 09:08:02 PDT 2019","3","BatchId:3620442;OriginalHitTemplateId:928390873;","3600","259200","Thu May 02 09:08:02 PDT 2019","","","3WAKVUDHUZK9K5RNSSNJ8LTCIUU7UT","A18L40VEF1KVE3","Submitted","Thu Apr 25 09:16:28 PDT 2019","Thu Apr 25 09:16:46 PDT 2019","Sun Apr 28 09:16:46 PDT 2019","","","","18","0% (0/0)","0% (0/0)","0% (0/0)","https://s3.amazonaws.com/pickture-perfect/budapest/img_10.jpg","true","false","true","false","true","false","false","false","false","true"
"3H781YYV6VMD6OTEPT6DKF44DLBTE8","3S0VMPP5OHC7ZW2RJHNUSTU742HXKD","Characterize Images","Categorize the given content based on the provided criteria","categorize, image","$0.01","Thu Apr 25 09:08:02 PDT 2019","3","BatchId:3620442;OriginalHitTemplateId:928390873;","3600","259200","Thu May 02 09:08:02 PDT 2019","","","31LVTDXBLAEGJYO8SSTOMFOT6FURLH","A3W0C04EXOY12C","Submitted","Thu Apr 25 09:13:15 PDT 2019","Thu Apr 25 09:13:37 PDT 2019","Sun Apr 28 09:13:37 PDT 2019","","","","22","0% (0/0)","0% (0/0)","0% (0/0)","https://s3.amazonaws.com/pickture-perfect/budapest/img_30.jpg","false","false","true","false","false","false","false","false","true","false"
"3H781YYV6VMD6OTEPT6DKF44DLBTE8","3S0VMPP5OHC7ZW2RJHNUSTU742HXKD","Characterize Images","Categorize the given content based on the provided criteria","categorize, image","$0.01","Thu Apr 25 09:08:02 PDT 2019","3","BatchId:3620442;OriginalHitTemplateId:928390873;","3600","259200","Thu May 02 09:08:02 PDT 2019","","","3PIWWX1FJMATQKHVH28249PAS9VJJF","ARIBVG7WV64QM","Submitted","Thu Apr 25 09:13:04 PDT 2019","Thu Apr 25 09:13:48 PDT 2019","Sun Apr 28 09:13:48 PDT 2019","","","","44","0% (0/0)","0% (0/0)","0% (0/0)","https://s3.amazonaws.com/pickture-perfect/budapest/img_30.jpg","false","false","true","false","false","false","false","false","true","false"
"3H781YYV6VMD6OTEPT6DKF44DLBTE8","3S0VMPP5OHC7ZW2RJHNUSTU742HXKD","Characterize Images","Categorize the given content based on the provided criteria","categorize, image","$0.01","Thu Apr 25 09:08:02 PDT 2019","3","BatchId:3620442;OriginalHitTemplateId:928390873;","3600","259200","Thu May 02 09:08:02 PDT 2019","","","3QHK8ZVMIPMT3R7JWV7YM0JPOTSLBZ","A18S7VHZ6X4F93","Submitted","Thu Apr 25 09:16:45 PDT 2019","Thu Apr 25 09:17:11 PDT 2019","Sun Apr 28 09:17:11 PDT 2019","","","","26","0% (0/0)","0% (0/0)","0% (0/0)","https://s3.amazonaws.com/pickture-perfect/budapest/img_30.jpg","false","false","true","false","false","false","false","false","true","false"
"3PN6H8C9R6U3ZMG5NY4CJSWRPKQADC","3S0VMPP5OHC7ZW2RJHNUSTU742HXKD","Characterize Images","Categorize the given content based on the provided criteria","categorize, image","$0.01","Thu Apr 25 09:08:02 PDT 2019","3","BatchId:3620442;OriginalHitTemplateId:928390873;","3600","259200","Thu May 02 09:08:02 PDT 2019","","","308XBLVESL846P2W1F4U8CSOULGRBU","ARIBVG7WV64QM","Submitted","Thu Apr 25 09:12:50 PDT 2019","Thu Apr 25 09:13:21 PDT 2019","Sun Apr 28 09:13:21 PDT 2019","","","","31","0% (0/0)","0% (0/0)","0% (0/0)","https://s3.amazonaws.com/pickture-perfect/budapest/img_16.jpg","false","false","true","false","false","false","false","false","true","false"
"3PN6H8C9R6U3ZMG5NY4CJSWRPKQADC","3S0VMPP5OHC7ZW2RJHNUSTU742HXKD","Characterize Images","Categorize the given content based on the provided criteria","categorize, image","$0.01","Thu Apr 25 09:08:02 PDT 2019","3","BatchId:3620442;OriginalHitTemplateId:928390873;","3600","259200","Thu May 02 09:08:02 PDT 2019","","","351SEKWQS3L6O6NOA3ZJH3MERJTMD8","A3W0C04EXOY12C","Submitted","Thu Apr 25 09:14:18 PDT 2019","Thu Apr 25 09:15:04 PDT 2019","Sun Apr 28 09:15:04 PDT 2019","","","","46","0% (0/0)","0% (0/0)","0% (0/0)","https://s3.amazonaws.com/pickture-perfect/budapest/img_16.jpg","false","false","true","false","false","false","false","false","true","false"
"3PN6H8C9R6U3ZMG5NY4CJSWRPKQADC","3S0VMPP5OHC7ZW2RJHNUSTU742HXKD","Characterize Images","Categorize the given content based on the provided criteria","categorize, image","$0.01","Thu Apr 25 09:08:02 PDT 2019","3","BatchId:3620442;OriginalHitTemplateId:928390873;","3600","259200","Thu May 02 09:08:02 PDT 2019","","","3HL8HNGX485OF6IQC0Q40HJF3X39F8","AAFTW0Y54TW6D","Submitted","Thu Apr 25 09:14:37 PDT 2019","Thu Apr 25 09:14:49 PDT 2019","Sun Apr 28 09:14:49 PDT 2019","","","","12","0% (0/0)","0% (0/0)","0% (0/0)","https://s3.amazonaws.com/pickture-perfect/budapest/img_16.jpg","false","false","false","true","false","false","false","false","false","true"
"3VMHWJRYHXKCTJ2UPERGR0AA2IEXFD","3S0VMPP5OHC7ZW2RJHNUSTU742HXKD","Characterize Images","Categorize the given content based on the provided criteria","categorize, image","$0.01","Thu Apr 25 09:08:02 PDT 2019","3","BatchId:3620442;OriginalHitTemplateId:928390873;","3600","259200","Thu May 02 09:08:02 PDT 2019","","","34S6N1K2ZYN3U4A5WNHU8BMNJ6WLHE","ARIBVG7WV64QM","Submitted","Thu Apr 25 09:12:38 PDT 2019","Thu Apr 25 09:13:35 PDT 2019","Sun Apr 28 09:13:35 PDT 2019","","","","57","0% (0/0)","0% (0/0)","0% (0/0)","https://s3.amazonaws.com/pickture-perfect/budapest/img_39.jpg","false","false","true","false","false","false","false","false","true","false"
"3VMHWJRYHXKCTJ2UPERGR0AA2IEXFD","3S0VMPP5OHC7ZW2RJHNUSTU742HXKD","Characterize Images","Categorize the given content based on the provided criteria","categorize, image","$0.01","Thu Apr 25 09:08:02 PDT 2019","3","BatchId:3620442;OriginalHitTemplateId:928390873;","3600","259200","Thu May 02 09:08:02 PDT 2019","","","3M81GAB8A3N4UONWO0FU3MIJYZEBQD","A3W0C04EXOY12C","Submitted","Thu Apr 25 09:14:03 PDT 2019","Thu Apr 25 09:20:31 PDT 2019","Sun Apr 28 09:20:31 PDT 2019","","","","388","0% (0/0)","0% (0/0)","0% (0/0)","https://s3.amazonaws.com/pickture-perfect/budapest/img_39.jpg","false","false","true","false","false","false","false","false","true","false"
"3VMHWJRYHXKCTJ2UPERGR0AA2IEXFD","3S0VMPP5OHC7ZW2RJHNUSTU742HXKD","Characterize Images","Categorize the given content based on the provided criteria","categorize, image","$0.01","Thu Apr 25 09:08:02 PDT 2019","3","BatchId:3620442;OriginalHitTemplateId:928390873;","3600","259200","Thu May 02 09:08:02 PDT 2019","","","3URFVVM168MS4FXTBNF2Z5MBSN6ZUC","A18L40VEF1KVE3","Submitted","Thu Apr 25 09:15:36 PDT 2019","Thu Apr 25 09:16:00 PDT 2019","Sun Apr 28 09:16:00 PDT 2019","","","","24","0% (0/0)","0% (0/0)","0% (0/0)","https://s3.amazonaws.com/pickture-perfect/budapest/img_39.jpg","true","false","false","true","false","false","false","false","false","true"
"3TC2K6WK9I62DOPATB0HRIZS25182X","3S0VMPP5OHC7ZW2RJHNUSTU742HXKD","Characterize Images","Categorize the given content based on the provided criteria","categorize, image","$0.01","Thu Apr 25 09:08:02 PDT 2019","3","BatchId:3620442;OriginalHitTemplateId:928390873;","3600","259200","Thu May 02 09:08:02 PDT 2019","","","33CID57107XO0W36H2SS4HLD01FL38","AAFTW0Y54TW6D","Submitted","Thu Apr 25 09:16:33 PDT 2019","Thu Apr 25 09:16:43 PDT 2019","Sun Apr 28 09:16:43 PDT 2019","","","","10","0% (0/0)","0% (0/0)","0% (0/0)","https://s3.amazonaws.com/pickture-perfect/budapest/img_34.jpg","true","false","false","false","false","false","false","false","false","true"
"3TC2K6WK9I62DOPATB0HRIZS25182X","3S0VMPP5OHC7ZW2RJHNUSTU742HXKD","Characterize Images","Categorize the given content based on the provided criteria","categorize, image","$0.01","Thu Apr 25 09:08:02 PDT 2019","3","BatchId:3620442;OriginalHitTemplateId:928390873;","3600","259200","Thu May 02 09:08:02 PDT 2019","","","33FOTY3KEPPZNPVLHLLAD5GT88MC1Q","A3W0C04EXOY12C","Submitted","Thu Apr 25 09:09:39 PDT 2019","Thu Apr 25 09:10:00 PDT 2019","Sun Apr 28 09:10:00 PDT 2019","","","","21","0% (0/0)","0% (0/0)","0% (0/0)","https://s3.amazonaws.com/pickture-perfect/budapest/img_34.jpg","true","false","false","false","false","false","false","false","true","false"
"3TC2K6WK9I62DOPATB0HRIZS25182X","3S0VMPP5OHC7ZW2RJHNUSTU742HXKD","Characterize Images","Categorize the given content based on the provided criteria","categorize, image","$0.01","Thu Apr 25 09:08:02 PDT 2019","3","BatchId:3620442;OriginalHitTemplateId:928390873;","3600","259200","Thu May 02 09:08:02 PDT 2019","","","3AUQQEL7U8XVF9G3CJCFPSL8ONVV04","ARIBVG7WV64QM","Submitted","Thu Apr 25 09:10:03 PDT 2019","Thu Apr 25 09:11:04 PDT 2019","Sun Apr 28 09:11:04 PDT 2019","","","","61","0% (0/0)","0% (0/0)","0% (0/0)","https://s3.amazonaws.com/pickture-perfect/budapest/img_34.jpg","false","true","false","false","false","false","false","false","true","false"
"3EFNPKWBMUS9GHGQ2717HDY2PLP03D","3S0VMPP5OHC7ZW2RJHNUSTU742HXKD","Characterize Images","Categorize the given content based on the provided criteria","categorize, image","$0.01","Thu Apr 25 09:08:02 PDT 2019","3","BatchId:3620442;OriginalHitTemplateId:928390873;","3600","259200","Thu May 02 09:08:02 PDT 2019","","","31IBVUNM9V3MCDVTF1V0SZ8CUPLVF9","A3W0C04EXOY12C","Submitted","Thu Apr 25 09:14:07 PDT 2019","Thu Apr 25 09:20:53 PDT 2019","Sun Apr 28 09:20:53 PDT 2019","","","","406","0% (0/0)","0% (0/0)","0% (0/0)","https://s3.amazonaws.com/pickture-perfect/budapest/img_46.jpg","false","false","true","false","false","false","false","false","true","false"
"3EFNPKWBMUS9GHGQ2717HDY2PLP03D","3S0VMPP5OHC7ZW2RJHNUSTU742HXKD","Characterize Images","Categorize the given content based on the provided criteria","categorize, image","$0.01","Thu Apr 25 09:08:02 PDT 2019","3","BatchId:3620442;OriginalHitTemplateId:928390873;","3600","259200","Thu May 02 09:08:02 PDT 2019","","","3II4UPYCOMBX9LLG2W60YC6J1KRQD0","A18S7VHZ6X4F93","Submitted","Thu Apr 25 09:18:47 PDT 2019","Thu Apr 25 09:19:18 PDT 2019","Sun Apr 28 09:19:18 PDT 2019","","","","31","0% (0/0)","0% (0/0)","0% (0/0)","https://s3.amazonaws.com/pickture-perfect/budapest/img_46.jpg","false","false","true","false","false","false","false","false","true","false"
"3EFNPKWBMUS9GHGQ2717HDY2PLP03D","3S0VMPP5OHC7ZW2RJHNUSTU742HXKD","Characterize Images","Categorize the given content based on the provided criteria","categorize, image","$0.01","Thu Apr 25 09:08:02 PDT 2019","3","BatchId:3620442;OriginalHitTemplateId:928390873;","3600","259200","Thu May 02 09:08:02 PDT 2019","","","3TYCR1GOTFNPLPAZ29N18IQSFWDLZ4","ARIBVG7WV64QM","Submitted","Thu Apr 25 09:13:22 PDT 2019","Thu Apr 25 09:14:31 PDT 2019","Sun Apr 28 09:14:31 PDT 2019","","","","69","0% (0/0)","0% (0/0)","0% (0/0)","https://s3.amazonaws.com/pickture-perfect/budapest/img_46.jpg","false","false","true","false","false","false","false","false","true","false"
"3R5LWXWHR2CI7JYP0YXY9LAM3XEXGC","3S0VMPP5OHC7ZW2RJHNUSTU742HXKD","Characterize Images","Categorize the given content based on the provided criteria","categorize, image","$0.01","Thu Apr 25 09:08:02 PDT 2019","3","BatchId:3620442;OriginalHitTemplateId:928390873;","3600","259200","Thu May 02 09:08:02 PDT 2019","","","3J88R45B2J2Q7FPITJSNSEJ1C6FXPG","ARIBVG7WV64QM","Submitted","Thu Apr 25 09:09:43 PDT 2019","Thu Apr 25 09:10:24 PDT 2019","Sun Apr 28 09:10:24 PDT 2019","","","","41","0% (0/0)","0% (0/0)","0% (0/0)","https://s3.amazonaws.com/pickture-perfect/budapest/img_3.jpg","true","false","false","false","false","false","false","false","true","false"
"3R5LWXWHR2CI7JYP0YXY9LAM3XEXGC","3S0VMPP5OHC7ZW2RJHNUSTU742HXKD","Characterize Images","Categorize the given content based on the provided criteria","categorize, image","$0.01","Thu Apr 25 09:08:02 PDT 2019","3","BatchId:3620442;OriginalHitTemplateId:928390873;","3600","259200","Thu May 02 09:08:02 PDT 2019","","","3LBXNTKX0UZ5FS9BCUWQ6OJM72Z9XZ","AAFTW0Y54TW6D","Submitted","Thu Apr 25 09:15:23 PDT 2019","Thu Apr 25 09:15:40 PDT 2019","Sun Apr 28 09:15:40 PDT 2019","","","","17","0% (0/0)","0% (0/0)","0% (0/0)","https://s3.amazonaws.com/pickture-perfect/budapest/img_3.jpg","true","false","false","true","false","false","false","false","true","false"
"3R5LWXWHR2CI7JYP0YXY9LAM3XEXGC","3S0VMPP5OHC7ZW2RJHNUSTU742HXKD","Characterize Images","Categorize the given content based on the provided criteria","categorize, image","$0.01","Thu Apr 25 09:08:02 PDT 2019","3","BatchId:3620442;OriginalHitTemplateId:928390873;","3600","259200","Thu May 02 09:08:02 PDT 2019","","","3LQ8PUHQFOW1432ZBKKHGVUV222HIW","A3W0C04EXOY12C","Submitted","Thu Apr 25 09:14:21 PDT 2019","Thu Apr 25 09:15:03 PDT 2019","Sun Apr 28 09:15:03 PDT 2019","","","","42","0% (0/0)","0% (0/0)","0% (0/0)","https://s3.amazonaws.com/pickture-perfect/budapest/img_3.jpg","false","false","true","false","false","false","false","false","true","false"
"3A9LA2FRWUIW7FT0K4FGULMNIXRXHB","3S0VMPP5OHC7ZW2RJHNUSTU742HXKD","Characterize Images","Categorize the given content based on the provided criteria","categorize, image","$0.01","Thu Apr 25 09:08:02 PDT 2019","3","BatchId:3620442;OriginalHitTemplateId:928390873;","3600","259200","Thu May 02 09:08:02 PDT 2019","","","32Q90QCQ1VPGQO1LLMXN88CV2QZEKO","A3W0C04EXOY12C","Submitted","Thu Apr 25 09:12:34 PDT 2019","Thu Apr 25 09:12:47 PDT 2019","Sun Apr 28 09:12:47 PDT 2019","","","","13","0% (0/0)","0% (0/0)","0% (0/0)","https://s3.amazonaws.com/pickture-perfect/budapest/img_2.jpg","false","false","true","false","false","false","false","false","true","false"
"3A9LA2FRWUIW7FT0K4FGULMNIXRXHB","3S0VMPP5OHC7ZW2RJHNUSTU742HXKD","Characterize Images","Categorize the given content based on the provided criteria","categorize, image","$0.01","Thu Apr 25 09:08:02 PDT 2019","3","BatchId:3620442;OriginalHitTemplateId:928390873;","3600","259200","Thu May 02 09:08:02 PDT 2019","","","333U7HK6ICJGNYH376MR1BUXNPYJD1","AAFTW0Y54TW6D","Submitted","Thu Apr 25 09:12:53 PDT 2019","Thu Apr 25 09:13:50 PDT 2019","Sun Apr 28 09:13:50 PDT 2019","","","","57","0% (0/0)","0% (0/0)","0% (0/0)","https://s3.amazonaws.com/pickture-perfect/budapest/img_2.jpg","false","false","false","false","true","false","false","false","false","true"
"3A9LA2FRWUIW7FT0K4FGULMNIXRXHB","3S0VMPP5OHC7ZW2RJHNUSTU742HXKD","Characterize Images","Categorize the given content based on the provided criteria","categorize, image","$0.01","Thu Apr 25 09:08:02 PDT 2019","3","BatchId:3620442;OriginalHitTemplateId:928390873;","3600","259200","Thu May 02 09:08:02 PDT 2019","","","374TNBHA8EZ07WG7YSTEBXGKJ8WYQF","ARIBVG7WV64QM","Submitted","Thu Apr 25 09:13:49 PDT 2019","Thu Apr 25 09:14:33 PDT 2019","Sun Apr 28 09:14:33 PDT 2019","","","","44","0% (0/0)","0% (0/0)","0% (0/0)","https://s3.amazonaws.com/pickture-perfect/budapest/img_2.jpg","false","false","true","false","false","false","false","false","true","false"
"3A520CCNWP48RSU5JTFWPAECPWRAE5","3S0VMPP5OHC7ZW2RJHNUSTU742HXKD","Characterize Images","Categorize the given content based on the provided criteria","categorize, image","$0.01","Thu Apr 25 09:08:02 PDT 2019","3","BatchId:3620442;OriginalHitTemplateId:928390873;","3600","259200","Thu May 02 09:08:02 PDT 2019","","","3F6HPJW4JG4FQ8JMHGLPUIX1SUI2W6","A3W0C04EXOY12C","Submitted","Thu Apr 25 09:09:28 PDT 2019","Thu Apr 25 09:10:18 PDT 2019","Sun Apr 28 09:10:18 PDT 2019","","","","50","0% (0/0)","0% (0/0)","0% (0/0)","https://s3.amazonaws.com/pickture-perfect/budapest/img_38.jpg","false","true","false","false","false","false","false","false","true","false"
"3A520CCNWP48RSU5JTFWPAECPWRAE5","3S0VMPP5OHC7ZW2RJHNUSTU742HXKD","Characterize Images","Categorize the given content based on the provided criteria","categorize, image","$0.01","Thu Apr 25 09:08:02 PDT 2019","3","BatchId:3620442;OriginalHitTemplateId:928390873;","3600","259200","Thu May 02 09:08:02 PDT 2019","","","3MH9DQ757ZGSDY2OLVRDEY65HXCGU4","ARIBVG7WV64QM","Submitted","Thu Apr 25 09:13:19 PDT 2019","Thu Apr 25 09:14:06 PDT 2019","Sun Apr 28 09:14:06 PDT 2019","","","","47","0% (0/0)","0% (0/0)","0% (0/0)","https://s3.amazonaws.com/pickture-perfect/budapest/img_38.jpg","false","false","true","false","false","false","false","false","true","false"
"3A520CCNWP48RSU5JTFWPAECPWRAE5","3S0VMPP5OHC7ZW2RJHNUSTU742HXKD","Characterize Images","Categorize the given content based on the provided criteria","categorize, image","$0.01","Thu Apr 25 09:08:02 PDT 2019","3","BatchId:3620442;OriginalHitTemplateId:928390873;","3600","259200","Thu May 02 09:08:02 PDT 2019","","","3SB4CE2TJYZJKBJG40AQ2JU6DKHAXF","AAFTW0Y54TW6D","Submitted","Thu Apr 25 09:16:57 PDT 2019","Thu Apr 25 09:17:10 PDT 2019","Sun Apr 28 09:17:10 PDT 2019","","","","13","0% (0/0)","0% (0/0)","0% (0/0)","https://s3.amazonaws.com/pickture-perfect/budapest/img_38.jpg","true","false","false","false","false","false","false","false","false","true"
"337F8MIIM1HUYDZU2L6QRIQ83LL04Y","3S0VMPP5OHC7ZW2RJHNUSTU742HXKD","Characterize Images","Categorize the given content based on the provided criteria","categorize, image","$0.01","Thu Apr 25 09:08:02 PDT 2019","3","BatchId:3620442;OriginalHitTemplateId:928390873;","3600","259200","Thu May 02 09:08:02 PDT 2019","","","3MYYFCXHJ6BTW0896P0V1U8BIKP4G6","ACZBLQXF70HTU","Submitted","Thu Apr 25 09:15:28 PDT 2019","Thu Apr 25 09:16:34 PDT 2019","Sun Apr 28 09:16:34 PDT 2019","","","","66","0% (0/0)","0% (0/0)","0% (0/0)","https://s3.amazonaws.com/pickture-perfect/budapest/img_27.jpg","false","true","false","true","true","false","false","false","false","true"
"337F8MIIM1HUYDZU2L6QRIQ83LL04Y","3S0VMPP5OHC7ZW2RJHNUSTU742HXKD","Characterize Images","Categorize the given content based on the provided criteria","categorize, image","$0.01","Thu Apr 25 09:08:02 PDT 2019","3","BatchId:3620442;OriginalHitTemplateId:928390873;","3600","259200","Thu May 02 09:08:02 PDT 2019","","","3R8YZBNQ9KMHSCK6BJ3EYKWNF9NQ76","A3W0C04EXOY12C","Submitted","Thu Apr 25 09:10:52 PDT 2019","Thu Apr 25 09:17:22 PDT 2019","Sun Apr 28 09:17:22 PDT 2019","","","","390","0% (0/0)","0% (0/0)","0% (0/0)","https://s3.amazonaws.com/pickture-perfect/budapest/img_27.jpg","false","false","true","false","false","false","false","false","true","false"
"337F8MIIM1HUYDZU2L6QRIQ83LL04Y","3S0VMPP5OHC7ZW2RJHNUSTU742HXKD","Characterize Images","Categorize the given content based on the provided criteria","categorize, image","$0.01","Thu Apr 25 09:08:02 PDT 2019","3","BatchId:3620442;OriginalHitTemplateId:928390873;","3600","259200","Thu May 02 09:08:02 PDT 2019","","","3YGXWBAF73LGFOS4434CB3NWKSWC43","ARIBVG7WV64QM","Submitted","Thu Apr 25 09:09:50 PDT 2019","Thu Apr 25 09:10:46 PDT 2019","Sun Apr 28 09:10:46 PDT 2019","","","","56","0% (0/0)","0% (0/0)","0% (0/0)","https://s3.amazonaws.com/pickture-perfect/budapest/img_27.jpg","true","false","false","false","false","false","false","false","true","false"
"3Z3R5YC0P5R5C2TAK4QJ2XP4PMQTFQ","3S0VMPP5OHC7ZW2RJHNUSTU742HXKD","Characterize Images","Categorize the given content based on the provided criteria","categorize, image","$0.01","Thu Apr 25 09:08:02 PDT 2019","3","BatchId:3620442;OriginalHitTemplateId:928390873;","3600","259200","Thu May 02 09:08:02 PDT 2019","","","3DHE4R9OCZFJTMTM2BH78FBDY6T2G8","AAFTW0Y54TW6D","Submitted","Thu Apr 25 09:16:43 PDT 2019","Thu Apr 25 09:16:57 PDT 2019","Sun Apr 28 09:16:57 PDT 2019","","","","14","0% (0/0)","0% (0/0)","0% (0/0)","https://s3.amazonaws.com/pickture-perfect/budapest/img_35.jpg","false","true","false","false","false","false","true","false","false","true"
"3Z3R5YC0P5R5C2TAK4QJ2XP4PMQTFQ","3S0VMPP5OHC7ZW2RJHNUSTU742HXKD","Characterize Images","Categorize the given content based on the provided criteria","categorize, image","$0.01","Thu Apr 25 09:08:02 PDT 2019","3","BatchId:3620442;OriginalHitTemplateId:928390873;","3600","259200","Thu May 02 09:08:02 PDT 2019","","","3HRMW88U19UCPMMUYRBO2W2VXUKM0F","ARIBVG7WV64QM","Submitted","Thu Apr 25 09:13:28 PDT 2019","Thu Apr 25 09:14:15 PDT 2019","Sun Apr 28 09:14:15 PDT 2019","","","","47","0% (0/0)","0% (0/0)","0% (0/0)","https://s3.amazonaws.com/pickture-perfect/budapest/img_35.jpg","false","false","true","false","false","false","false","false","true","false"
"3Z3R5YC0P5R5C2TAK4QJ2XP4PMQTFQ","3S0VMPP5OHC7ZW2RJHNUSTU742HXKD","Characterize Images","Categorize the given content based on the provided criteria","categorize, image","$0.01","Thu Apr 25 09:08:02 PDT 2019","3","BatchId:3620442;OriginalHitTemplateId:928390873;","3600","259200","Thu May 02 09:08:02 PDT 2019","","","3TY7ZAOG5IOHZYMRDFY8NJAR8PPK08","A3W0C04EXOY12C","Submitted","Thu Apr 25 09:14:01 PDT 2019","Thu Apr 25 09:19:07 PDT 2019","Sun Apr 28 09:19:07 PDT 2019","","","","306","0% (0/0)","0% (0/0)","0% (0/0)","https://s3.amazonaws.com/pickture-perfect/budapest/img_35.jpg","false","false","true","false","false","false","false","false","true","false"
"3D1UCPY6GIDRY6LTXBEMAS4K8J1838","3S0VMPP5OHC7ZW2RJHNUSTU742HXKD","Characterize Images","Categorize the given content based on the provided criteria","categorize, image","$0.01","Thu Apr 25 09:08:02 PDT 2019","3","BatchId:3620442;OriginalHitTemplateId:928390873;","3600","259200","Thu May 02 09:08:02 PDT 2019","","","3ATTHHXXWDSYQT2EGO23JHIPQSLXI5","ARIBVG7WV64QM","Submitted","Thu Apr 25 09:14:17 PDT 2019","Thu Apr 25 09:16:11 PDT 2019","Sun Apr 28 09:16:11 PDT 2019","","","","114","0% (0/0)","0% (0/0)","0% (0/0)","https://s3.amazonaws.com/pickture-perfect/budapest/img_20.jpg","false","false","true","false","false","false","false","false","true","false"
"3D1UCPY6GIDRY6LTXBEMAS4K8J1838","3S0VMPP5OHC7ZW2RJHNUSTU742HXKD","Characterize Images","Categorize the given content based on the provided criteria","categorize, image","$0.01","Thu Apr 25 09:08:02 PDT 2019","3","BatchId:3620442;OriginalHitTemplateId:928390873;","3600","259200","Thu May 02 09:08:02 PDT 2019","","","3ERMJ6L4D1WQ7XMEJQWXHBCI58R7M1","AAFTW0Y54TW6D","Submitted","Thu Apr 25 09:16:07 PDT 2019","Thu Apr 25 09:16:17 PDT 2019","Sun Apr 28 09:16:17 PDT 2019","","","","10","0% (0/0)","0% (0/0)","0% (0/0)","https://s3.amazonaws.com/pickture-perfect/budapest/img_20.jpg","true","false","false","false","false","false","false","false","false","true"
"3D1UCPY6GIDRY6LTXBEMAS4K8J1838","3S0VMPP5OHC7ZW2RJHNUSTU742HXKD","Characterize Images","Categorize the given content based on the provided criteria","categorize, image","$0.01","Thu Apr 25 09:08:02 PDT 2019","3","BatchId:3620442;OriginalHitTemplateId:928390873;","3600","259200","Thu May 02 09:08:02 PDT 2019","","","3FQ5JJ512OSKKUEYEL06YV64GI0NKM","A3W0C04EXOY12C","Submitted","Thu Apr 25 09:11:14 PDT 2019","Thu Apr 25 09:11:47 PDT 2019","Sun Apr 28 09:11:47 PDT 2019","","","","33","0% (0/0)","0% (0/0)","0% (0/0)","https://s3.amazonaws.com/pickture-perfect/budapest/img_20.jpg","false","false","false","true","false","false","false","false","true","false"
"3R15W654VFXEKEBEPBZMS5J12BDQLE","3S0VMPP5OHC7ZW2RJHNUSTU742HXKD","Characterize Images","Categorize the given content based on the provided criteria","categorize, image","$0.01","Thu Apr 25 09:08:02 PDT 2019","3","BatchId:3620442;OriginalHitTemplateId:928390873;","3600","259200","Thu May 02 09:08:02 PDT 2019","","","37QW5D2ZRJQX5642DSKP7K7J8HE8S0","A2CR1GIBUQ88QM","Submitted","Thu Apr 25 09:10:38 PDT 2019","Thu Apr 25 09:10:50 PDT 2019","Sun Apr 28 09:10:50 PDT 2019","","","","12","0% (0/0)","0% (0/0)","0% (0/0)","https://s3.amazonaws.com/pickture-perfect/budapest/img_26.jpg","false","false","true","false","false","false","false","false","true","false"
"3R15W654VFXEKEBEPBZMS5J12BDQLE","3S0VMPP5OHC7ZW2RJHNUSTU742HXKD","Characterize Images","Categorize the given content based on the provided criteria","categorize, image","$0.01","Thu Apr 25 09:08:02 PDT 2019","3","BatchId:3620442;OriginalHitTemplateId:928390873;","3600","259200","Thu May 02 09:08:02 PDT 2019","","","3K9FOBBF2KNV40WGZLC7DVJJ5I5LNN","A3W0C04EXOY12C","Submitted","Thu Apr 25 09:12:52 PDT 2019","Thu Apr 25 09:13:14 PDT 2019","Sun Apr 28 09:13:14 PDT 2019","","","","22","0% (0/0)","0% (0/0)","0% (0/0)","https://s3.amazonaws.com/pickture-perfect/budapest/img_26.jpg","false","false","true","false","false","false","false","false","true","false"
"3R15W654VFXEKEBEPBZMS5J12BDQLE","3S0VMPP5OHC7ZW2RJHNUSTU742HXKD","Characterize Images","Categorize the given content based on the provided criteria","categorize, image","$0.01","Thu Apr 25 09:08:02 PDT 2019","3","BatchId:3620442;OriginalHitTemplateId:928390873;","3600","259200","Thu May 02 09:08:02 PDT 2019","","","3QUO65DNQXSG5BJM9E4LJ7F78J2UO4","A1M2NBFB7EX8I0","Submitted","Thu Apr 25 09:09:29 PDT 2019","Thu Apr 25 09:10:56 PDT 2019","Sun Apr 28 09:10:56 PDT 2019","","","","87","0% (0/0)","0% (0/0)","0% (0/0)","https://s3.amazonaws.com/pickture-perfect/budapest/img_26.jpg","false","false","false","false","true","false","false","false","false","true"
"3PMR2DOWOQ5TTKLVZRC28DMZKTW54O","3S0VMPP5OHC7ZW2RJHNUSTU742HXKD","Characterize Images","Categorize the given content based on the provided criteria","categorize, image","$0.01","Thu Apr 25 09:08:02 PDT 2019","3","BatchId:3620442;OriginalHitTemplateId:928390873;","3600","259200","Thu May 02 09:08:02 PDT 2019","","","39JEC7537X5F91BJOZ5ZKTN9XCUCVG","ACZBLQXF70HTU","Submitted","Thu Apr 25 09:16:35 PDT 2019","Thu Apr 25 09:17:37 PDT 2019","Sun Apr 28 09:17:37 PDT 2019","","","","62","0% (0/0)","0% (0/0)","0% (0/0)","https://s3.amazonaws.com/pickture-perfect/budapest/img_12.jpg","true","false","true","false","true","false","false","false","true","false"
"3PMR2DOWOQ5TTKLVZRC28DMZKTW54O","3S0VMPP5OHC7ZW2RJHNUSTU742HXKD","Characterize Images","Categorize the given content based on the provided criteria","categorize, image","$0.01","Thu Apr 25 09:08:02 PDT 2019","3","BatchId:3620442;OriginalHitTemplateId:928390873;","3600","259200","Thu May 02 09:08:02 PDT 2019","","","3FE2ERCCZ0C3D6BQSS5R91S802BOP3","A3W0C04EXOY12C","Submitted","Thu Apr 25 09:13:15 PDT 2019","Thu Apr 25 09:13:36 PDT 2019","Sun Apr 28 09:13:36 PDT 2019","","","","21","0% (0/0)","0% (0/0)","0% (0/0)","https://s3.amazonaws.com/pickture-perfect/budapest/img_12.jpg","false","false","true","false","false","false","false","false","true","false"
"3PMR2DOWOQ5TTKLVZRC28DMZKTW54O","3S0VMPP5OHC7ZW2RJHNUSTU742HXKD","Characterize Images","Categorize the given content based on the provided criteria","categorize, image","$0.01","Thu Apr 25 09:08:02 PDT 2019","3","BatchId:3620442;OriginalHitTemplateId:928390873;","3600","259200","Thu May 02 09:08:02 PDT 2019","","","3LPW2N6LKW6UX1D44Z8MA1FGROY5UB","ARIBVG7WV64QM","Submitted","Thu Apr 25 09:09:45 PDT 2019","Thu Apr 25 09:10:36 PDT 2019","Sun Apr 28 09:10:36 PDT 2019","","","","51","0% (0/0)","0% (0/0)","0% (0/0)","https://s3.amazonaws.com/pickture-perfect/budapest/img_12.jpg","true","false","false","false","false","false","false","false","true","false"
"3BAWBGQGYN37A1IT7GSMFN08OJNV74","3S0VMPP5OHC7ZW2RJHNUSTU742HXKD","Characterize Images","Categorize the given content based on the provided criteria","categorize, image","$0.01","Thu Apr 25 09:08:02 PDT 2019","3","BatchId:3620442;OriginalHitTemplateId:928390873;","3600","259200","Thu May 02 09:08:02 PDT 2019","","","37QW5D2ZRJQX5642DSKP7K7J8HES8K","AAFTW0Y54TW6D","Submitted","Thu Apr 25 09:14:07 PDT 2019","Thu Apr 25 09:14:23 PDT 2019","Sun Apr 28 09:14:23 PDT 2019","","","","16","0% (0/0)","0% (0/0)","0% (0/0)","https://s3.amazonaws.com/pickture-perfect/budapest/img_28.jpg","false","false","false","true","false","false","false","false","true","false"
"3BAWBGQGYN37A1IT7GSMFN08OJNV74","3S0VMPP5OHC7ZW2RJHNUSTU742HXKD","Characterize Images","Categorize the given content based on the provided criteria","categorize, image","$0.01","Thu Apr 25 09:08:02 PDT 2019","3","BatchId:3620442;OriginalHitTemplateId:928390873;","3600","259200","Thu May 02 09:08:02 PDT 2019","","","3OSWBBLG1H1HIIMSOA1SSK2CYNDXD3","ARIBVG7WV64QM","Submitted","Thu Apr 25 09:14:06 PDT 2019","Thu Apr 25 09:15:31 PDT 2019","Sun Apr 28 09:15:31 PDT 2019","","","","85","0% (0/0)","0% (0/0)","0% (0/0)","https://s3.amazonaws.com/pickture-perfect/budapest/img_28.jpg","false","false","true","false","false","false","false","false","true","false"
"3BAWBGQGYN37A1IT7GSMFN08OJNV74","3S0VMPP5OHC7ZW2RJHNUSTU742HXKD","Characterize Images","Categorize the given content based on the provided criteria","categorize, image","$0.01","Thu Apr 25 09:08:02 PDT 2019","3","BatchId:3620442;OriginalHitTemplateId:928390873;","3600","259200","Thu May 02 09:08:02 PDT 2019","","","3P4RDNWND8AXV9XPZKN2S8AAFU6JI3","A3AAC42XHLJPKM","Submitted","Thu Apr 25 09:13:24 PDT 2019","Thu Apr 25 09:14:12 PDT 2019","Sun Apr 28 09:14:12 PDT 2019","","","","48","0% (0/0)","0% (0/0)","0% (0/0)","https://s3.amazonaws.com/pickture-perfect/budapest/img_28.jpg","true","false","true","false","false","false","true","false","true","false"
"3DW3BNF1GJMBAFNCHLKSTNW3Z3TV8R","3S0VMPP5OHC7ZW2RJHNUSTU742HXKD","Characterize Images","Categorize the given content based on the provided criteria","categorize, image","$0.01","Thu Apr 25 09:08:02 PDT 2019","3","BatchId:3620442;OriginalHitTemplateId:928390873;","3600","259200","Thu May 02 09:08:02 PDT 2019","","","378XPAWRUFHMUGUL5EAPZ97RP7CIAM","A3W0C04EXOY12C","Submitted","Thu Apr 25 09:11:17 PDT 2019","Thu Apr 25 09:11:40 PDT 2019","Sun Apr 28 09:11:40 PDT 2019","","","","23","0% (0/0)","0% (0/0)","0% (0/0)","https://s3.amazonaws.com/pickture-perfect/budapest/img_36.jpg","false","false","true","false","false","false","false","false","true","false"
"3DW3BNF1GJMBAFNCHLKSTNW3Z3TV8R","3S0VMPP5OHC7ZW2RJHNUSTU742HXKD","Characterize Images","Categorize the given content based on the provided criteria","categorize, image","$0.01","Thu Apr 25 09:08:02 PDT 2019","3","BatchId:3620442;OriginalHitTemplateId:928390873;","3600","259200","Thu May 02 09:08:02 PDT 2019","","","3PQMUDRV7UA10YDJH222G7VA2G9IIK","A1X8UBJ3IA1T1","Submitted","Thu Apr 25 11:33:53 PDT 2019","Thu Apr 25 11:34:23 PDT 2019","Sun Apr 28 11:34:23 PDT 2019","","","","30","0% (0/0)","0% (0/0)","0% (0/0)","https://s3.amazonaws.com/pickture-perfect/budapest/img_36.jpg","true","false","false","true","true","false","false","false","false","true"
"3DW3BNF1GJMBAFNCHLKSTNW3Z3TV8R","3S0VMPP5OHC7ZW2RJHNUSTU742HXKD","Characterize Images","Categorize the given content based on the provided criteria","categorize, image","$0.01","Thu Apr 25 09:08:02 PDT 2019","3","BatchId:3620442;OriginalHitTemplateId:928390873;","3600","259200","Thu May 02 09:08:02 PDT 2019","","","3Z7VU45IP1LCVI6V9Z5IO3HEHQ8Z1C","ARIBVG7WV64QM","Submitted","Thu Apr 25 09:14:26 PDT 2019","Thu Apr 25 09:15:08 PDT 2019","Sun Apr 28 09:15:08 PDT 2019","","","","42","0% (0/0)","0% (0/0)","0% (0/0)","https://s3.amazonaws.com/pickture-perfect/budapest/img_36.jpg","false","false","true","false","false","false","false","false","true","false"
"3ABAOCJ4RA8YQWTZPN01SIYQ2G3QMG","3S0VMPP5OHC7ZW2RJHNUSTU742HXKD","Characterize Images","Categorize the given content based on the provided criteria","categorize, image","$0.01","Thu Apr 25 09:08:02 PDT 2019","3","BatchId:3620442;OriginalHitTemplateId:928390873;","3600","259200","Thu May 02 09:08:02 PDT 2019","","","30X31N5D66UBOUXHAQ433BDEY5DSAN","ARIBVG7WV64QM","Submitted","Thu Apr 25 09:09:41 PDT 2019","Thu Apr 25 09:10:16 PDT 2019","Sun Apr 28 09:10:16 PDT 2019","","","","35","0% (0/0)","0% (0/0)","0% (0/0)","https://s3.amazonaws.com/pickture-perfect/budapest/img_5.jpg","false","true","false","false","false","false","false","false","true","false"
"3ABAOCJ4RA8YQWTZPN01SIYQ2G3QMG","3S0VMPP5OHC7ZW2RJHNUSTU742HXKD","Characterize Images","Categorize the given content based on the provided criteria","categorize, image","$0.01","Thu Apr 25 09:08:02 PDT 2019","3","BatchId:3620442;OriginalHitTemplateId:928390873;","3600","259200","Thu May 02 09:08:02 PDT 2019","","","3C5W7UE9CIUKMCS5130VBAP6715MXA","A18L40VEF1KVE3","Submitted","Thu Apr 25 09:15:04 PDT 2019","Thu Apr 25 09:15:36 PDT 2019","Sun Apr 28 09:15:36 PDT 2019","","","","32","0% (0/0)","0% (0/0)","0% (0/0)","https://s3.amazonaws.com/pickture-perfect/budapest/img_5.jpg","true","false","true","false","false","true","false","false","true","false"
"3ABAOCJ4RA8YQWTZPN01SIYQ2G3QMG","3S0VMPP5OHC7ZW2RJHNUSTU742HXKD","Characterize Images","Categorize the given content based on the provided criteria","categorize, image","$0.01","Thu Apr 25 09:08:02 PDT 2019","3","BatchId:3620442;OriginalHitTemplateId:928390873;","3600","259200","Thu May 02 09:08:02 PDT 2019","","","3OLQQLKKNVTLF4V331XB7TCIN1ZEJP","A3W0C04EXOY12C","Submitted","Thu Apr 25 09:12:38 PDT 2019","Thu Apr 25 09:13:15 PDT 2019","Sun Apr 28 09:13:15 PDT 2019","","","","37","0% (0/0)","0% (0/0)","0% (0/0)","https://s3.amazonaws.com/pickture-perfect/budapest/img_5.jpg","false","true","false","false","false","false","false","false","true","false"
"3VMV5CHJZAJBQ2P5VOW1KIPGQ1QTGP","3S0VMPP5OHC7ZW2RJHNUSTU742HXKD","Characterize Images","Categorize the given content based on the provided criteria","categorize, image","$0.01","Thu Apr 25 09:08:02 PDT 2019","3","BatchId:3620442;OriginalHitTemplateId:928390873;","3600","259200","Thu May 02 09:08:02 PDT 2019","","","36TFCYNS47EYUYRUA6KIJ5HAQF7HXX","AAFTW0Y54TW6D","Submitted","Thu Apr 25 09:15:53 PDT 2019","Thu Apr 25 09:16:07 PDT 2019","Sun Apr 28 09:16:07 PDT 2019","","","","14","0% (0/0)","0% (0/0)","0% (0/0)","https://s3.amazonaws.com/pickture-perfect/budapest/img_23.jpg","true","false","false","false","true","false","false","false","false","true"
"3VMV5CHJZAJBQ2P5VOW1KIPGQ1QTGP","3S0VMPP5OHC7ZW2RJHNUSTU742HXKD","Characterize Images","Categorize the given content based on the provided criteria","categorize, image","$0.01","Thu Apr 25 09:08:02 PDT 2019","3","BatchId:3620442;OriginalHitTemplateId:928390873;","3600","259200","Thu May 02 09:08:02 PDT 2019","","","3E4GGUZ1TBVOV8P5S22M67365N9K2S","ARIBVG7WV64QM","Submitted","Thu Apr 25 09:14:08 PDT 2019","Thu Apr 25 09:16:34 PDT 2019","Sun Apr 28 09:16:34 PDT 2019","","","","146","0% (0/0)","0% (0/0)","0% (0/0)","https://s3.amazonaws.com/pickture-perfect/budapest/img_23.jpg","false","false","true","false","false","false","false","false","true","false"
"3VMV5CHJZAJBQ2P5VOW1KIPGQ1QTGP","3S0VMPP5OHC7ZW2RJHNUSTU742HXKD","Characterize Images","Categorize the given content based on the provided criteria","categorize, image","$0.01","Thu Apr 25 09:08:02 PDT 2019","3","BatchId:3620442;OriginalHitTemplateId:928390873;","3600","259200","Thu May 02 09:08:02 PDT 2019","","","3WZ36BJEV6KHM4FO549P8RT6I6DBTR","A3W0C04EXOY12C","Submitted","Thu Apr 25 09:14:10 PDT 2019","Thu Apr 25 09:20:11 PDT 2019","Sun Apr 28 09:20:11 PDT 2019","","","","361","0% (0/0)","0% (0/0)","0% (0/0)","https://s3.amazonaws.com/pickture-perfect/budapest/img_23.jpg","false","false","true","false","false","false","false","false","true","false"
"32TMVRKDGP2CG24XXPJ5KXWQMJX84T","3S0VMPP5OHC7ZW2RJHNUSTU742HXKD","Characterize Images","Categorize the given content based on the provided criteria","categorize, image","$0.01","Thu Apr 25 09:08:02 PDT 2019","3","BatchId:3620442;OriginalHitTemplateId:928390873;","3600","259200","Thu May 02 09:08:02 PDT 2019","","","33FBRBDW6R3HYPF6G6UPSF31MES8C6","A3W0C04EXOY12C","Submitted","Thu Apr 25 09:10:03 PDT 2019","Thu Apr 25 09:10:26 PDT 2019","Sun Apr 28 09:10:26 PDT 2019","","","","23","0% (0/0)","0% (0/0)","0% (0/0)","https://s3.amazonaws.com/pickture-perfect/budapest/img_19.jpg","true","false","false","false","false","false","false","false","true","false"
"32TMVRKDGP2CG24XXPJ5KXWQMJX84T","3S0VMPP5OHC7ZW2RJHNUSTU742HXKD","Characterize Images","Categorize the given content based on the provided criteria","categorize, image","$0.01","Thu Apr 25 09:08:02 PDT 2019","3","BatchId:3620442;OriginalHitTemplateId:928390873;","3600","259200","Thu May 02 09:08:02 PDT 2019","","","3DEL4X4EL9PKGTHJK6O655CDGBJYXC","ARIBVG7WV64QM","Submitted","Thu Apr 25 09:14:07 PDT 2019","Thu Apr 25 09:14:52 PDT 2019","Sun Apr 28 09:14:52 PDT 2019","","","","45","0% (0/0)","0% (0/0)","0% (0/0)","https://s3.amazonaws.com/pickture-perfect/budapest/img_19.jpg","false","false","true","false","false","false","false","false","true","false"
"32TMVRKDGP2CG24XXPJ5KXWQMJX84T","3S0VMPP5OHC7ZW2RJHNUSTU742HXKD","Characterize Images","Categorize the given content based on the provided criteria","categorize, image","$0.01","Thu Apr 25 09:08:02 PDT 2019","3","BatchId:3620442;OriginalHitTemplateId:928390873;","3600","259200","Thu May 02 09:08:02 PDT 2019","","","3SLE99ER0QHD8GONBWY7UFUN32ZZBV","A18L40VEF1KVE3","Submitted","Thu Apr 25 09:14:37 PDT 2019","Thu Apr 25 09:15:04 PDT 2019","Sun Apr 28 09:15:04 PDT 2019","","","","27","0% (0/0)","0% (0/0)","0% (0/0)","https://s3.amazonaws.com/pickture-perfect/budapest/img_19.jpg","false","true","true","false","true","false","false","false","true","false"
"3Z33IC0JC2QBOK6MMDQ6TJREJ9BV9G","3S0VMPP5OHC7ZW2RJHNUSTU742HXKD","Characterize Images","Categorize the given content based on the provided criteria","categorize, image","$0.01","Thu Apr 25 09:08:02 PDT 2019","3","BatchId:3620442;OriginalHitTemplateId:928390873;","3600","259200","Thu May 02 09:08:02 PDT 2019","","","35LDD5557D8E2CTY2KL6LGH4BSPMKK","A27X8ULCHXM7J5","Submitted","Thu Apr 25 09:08:18 PDT 2019","Thu Apr 25 09:09:05 PDT 2019","Sun Apr 28 09:09:05 PDT 2019","","","","47","0% (0/0)","0% (0/0)","0% (0/0)","https://s3.amazonaws.com/pickture-perfect/budapest/img_40.jpg","false","false","false","true","false","false","false","false","true","false"
"3Z33IC0JC2QBOK6MMDQ6TJREJ9BV9G","3S0VMPP5OHC7ZW2RJHNUSTU742HXKD","Characterize Images","Categorize the given content based on the provided criteria","categorize, image","$0.01","Thu Apr 25 09:08:02 PDT 2019","3","BatchId:3620442;OriginalHitTemplateId:928390873;","3600","259200","Thu May 02 09:08:02 PDT 2019","","","39ZSFO5CAB0240SPT1CGBBYL9PTUJM","ARIBVG7WV64QM","Submitted","Thu Apr 25 09:12:54 PDT 2019","Thu Apr 25 09:13:27 PDT 2019","Sun Apr 28 09:13:27 PDT 2019","","","","33","0% (0/0)","0% (0/0)","0% (0/0)","https://s3.amazonaws.com/pickture-perfect/budapest/img_40.jpg","false","false","true","false","false","false","false","false","true","false"
"3Z33IC0JC2QBOK6MMDQ6TJREJ9BV9G","3S0VMPP5OHC7ZW2RJHNUSTU742HXKD","Characterize Images","Categorize the given content based on the provided criteria","categorize, image","$0.01","Thu Apr 25 09:08:02 PDT 2019","3","BatchId:3620442;OriginalHitTemplateId:928390873;","3600","259200","Thu May 02 09:08:02 PDT 2019","","","3BEFOD78W9XTOA4VHSYQEZS8E60M4V","A3W0C04EXOY12C","Submitted","Thu Apr 25 09:13:40 PDT 2019","Thu Apr 25 09:14:10 PDT 2019","Sun Apr 28 09:14:10 PDT 2019","","","","30","0% (0/0)","0% (0/0)","0% (0/0)","https://s3.amazonaws.com/pickture-perfect/budapest/img_40.jpg","false","false","true","false","false","false","false","false","true","false"
"3HEA4ZVWVFQBP3PVDWVCD5SDKPR55T","3S0VMPP5OHC7ZW2RJHNUSTU742HXKD","Characterize Images","Categorize the given content based on the provided criteria","categorize, image","$0.01","Thu Apr 25 09:08:02 PDT 2019","3","BatchId:3620442;OriginalHitTemplateId:928390873;","3600","259200","Thu May 02 09:08:02 PDT 2019","","","31LM9EDVOOWP9A8GW00UXG6R1T0JNJ","A18S7VHZ6X4F93","Submitted","Thu Apr 25 09:13:17 PDT 2019","Thu Apr 25 09:15:16 PDT 2019","Sun Apr 28 09:15:16 PDT 2019","","","","119","0% (0/0)","0% (0/0)","0% (0/0)","https://s3.amazonaws.com/pickture-perfect/budapest/img_45.jpg","false","false","true","false","false","false","false","false","true","false"
"3HEA4ZVWVFQBP3PVDWVCD5SDKPR55T","3S0VMPP5OHC7ZW2RJHNUSTU742HXKD","Characterize Images","Categorize the given content based on the provided criteria","categorize, image","$0.01","Thu Apr 25 09:08:02 PDT 2019","3","BatchId:3620442;OriginalHitTemplateId:928390873;","3600","259200","Thu May 02 09:08:02 PDT 2019","","","3ATPCQ38JBE8KG9Q9WWSLX1FFQAYA8","ARIBVG7WV64QM","Submitted","Thu Apr 25 09:13:06 PDT 2019","Thu Apr 25 09:13:56 PDT 2019","Sun Apr 28 09:13:56 PDT 2019","","","","50","0% (0/0)","0% (0/0)","0% (0/0)","https://s3.amazonaws.com/pickture-perfect/budapest/img_45.jpg","false","false","true","false","false","false","false","false","true","false"
"3HEA4ZVWVFQBP3PVDWVCD5SDKPR55T","3S0VMPP5OHC7ZW2RJHNUSTU742HXKD","Characterize Images","Categorize the given content based on the provided criteria","categorize, image","$0.01","Thu Apr 25 09:08:02 PDT 2019","3","BatchId:3620442;OriginalHitTemplateId:928390873;","3600","259200","Thu May 02 09:08:02 PDT 2019","","","3WMOAN2SRE1Y058ADPED04HLWG7NV8","A3W0C04EXOY12C","Submitted","Thu Apr 25 09:11:40 PDT 2019","Thu Apr 25 09:11:59 PDT 2019","Sun Apr 28 09:11:59 PDT 2019","","","","19","0% (0/0)","0% (0/0)","0% (0/0)","https://s3.amazonaws.com/pickture-perfect/budapest/img_45.jpg","false","false","true","false","false","false","false","false","true","false"
"3S1L4CQSFZ90X6U1E4Z27SZC1X6AFN","3S0VMPP5OHC7ZW2RJHNUSTU742HXKD","Characterize Images","Categorize the given content based on the provided criteria","categorize, image","$0.01","Thu Apr 25 09:08:02 PDT 2019","3","BatchId:3620442;OriginalHitTemplateId:928390873;","3600","259200","Thu May 02 09:08:02 PDT 2019","","","3M1CVSFP639ZBEI4IMFY8BYDGHTAQH","A3W0C04EXOY12C","Submitted","Thu Apr 25 09:11:58 PDT 2019","Thu Apr 25 09:17:41 PDT 2019","Sun Apr 28 09:17:41 PDT 2019","","","","343","0% (0/0)","0% (0/0)","0% (0/0)","https://s3.amazonaws.com/pickture-perfect/budapest/img_6.jpg","false","false","true","false","false","false","false","false","true","false"
"3S1L4CQSFZ90X6U1E4Z27SZC1X6AFN","3S0VMPP5OHC7ZW2RJHNUSTU742HXKD","Characterize Images","Categorize the given content based on the provided criteria","categorize, image","$0.01","Thu Apr 25 09:08:02 PDT 2019","3","BatchId:3620442;OriginalHitTemplateId:928390873;","3600","259200","Thu May 02 09:08:02 PDT 2019","","","3RXCAC0YIUTUF1VBISQ8I6OGK6L8GH","AAFTW0Y54TW6D","Submitted","Thu Apr 25 09:17:10 PDT 2019","Thu Apr 25 09:17:23 PDT 2019","Sun Apr 28 09:17:23 PDT 2019","","","","13","0% (0/0)","0% (0/0)","0% (0/0)","https://s3.amazonaws.com/pickture-perfect/budapest/img_6.jpg","false","true","false","false","false","false","false","true","true","false"
"3S1L4CQSFZ90X6U1E4Z27SZC1X6AFN","3S0VMPP5OHC7ZW2RJHNUSTU742HXKD","Characterize Images","Categorize the given content based on the provided criteria","categorize, image","$0.01","Thu Apr 25 09:08:02 PDT 2019","3","BatchId:3620442;OriginalHitTemplateId:928390873;","3600","259200","Thu May 02 09:08:02 PDT 2019","","","3WMOAN2SRE1Y058ADPED04HLWG7VNG","ARIBVG7WV64QM","Submitted","Thu Apr 25 09:11:12 PDT 2019","Thu Apr 25 09:12:25 PDT 2019","Sun Apr 28 09:12:25 PDT 2019","","","","73","0% (0/0)","0% (0/0)","0% (0/0)","https://s3.amazonaws.com/pickture-perfect/budapest/img_6.jpg","false","false","true","false","false","false","false","false","true","false"
"363A7XIFV6QPT3GREJ46PE2YPRTVAV","3S0VMPP5OHC7ZW2RJHNUSTU742HXKD","Characterize Images","Categorize the given content based on the provided criteria","categorize, image","$0.01","Thu Apr 25 09:08:02 PDT 2019","3","BatchId:3620442;OriginalHitTemplateId:928390873;","3600","259200","Thu May 02 09:08:02 PDT 2019","","","3JZQSN0I3TE3UG5YQ6WESY527AXFG4","A289DF24X3Q8JZ","Submitted","Thu Apr 25 09:11:22 PDT 2019","Thu Apr 25 09:11:38 PDT 2019","Sun Apr 28 09:11:38 PDT 2019","","","","16","0% (0/0)","0% (0/0)","0% (0/0)","https://s3.amazonaws.com/pickture-perfect/budapest/img_42.jpg","false","true","false","false","false","false","false","false","false","true"
"363A7XIFV6QPT3GREJ46PE2YPRTVAV","3S0VMPP5OHC7ZW2RJHNUSTU742HXKD","Characterize Images","Categorize the given content based on the provided criteria","categorize, image","$0.01","Thu Apr 25 09:08:02 PDT 2019","3","BatchId:3620442;OriginalHitTemplateId:928390873;","3600","259200","Thu May 02 09:08:02 PDT 2019","","","3MAOD8E57TEQ4UD5D4FVOPE6CRFNXB","A3G235I8PH0325","Submitted","Thu Apr 25 09:11:45 PDT 2019","Thu Apr 25 09:12:24 PDT 2019","Sun Apr 28 09:12:24 PDT 2019","","","","39","0% (0/0)","0% (0/0)","0% (0/0)","https://s3.amazonaws.com/pickture-perfect/budapest/img_42.jpg","false","true","true","false","false","false","false","false","true","false"
"363A7XIFV6QPT3GREJ46PE2YPRTVAV","3S0VMPP5OHC7ZW2RJHNUSTU742HXKD","Characterize Images","Categorize the given content based on the provided criteria","categorize, image","$0.01","Thu Apr 25 09:08:02 PDT 2019","3","BatchId:3620442;OriginalHitTemplateId:928390873;","3600","259200","Thu May 02 09:08:02 PDT 2019","","","3VD82FOHKTSKJH2MNNJLP1T11JWOCP","ACZBLQXF70HTU","Submitted","Thu Apr 25 09:12:39 PDT 2019","Thu Apr 25 09:14:31 PDT 2019","Sun Apr 28 09:14:31 PDT 2019","","","","112","0% (0/0)","0% (0/0)","0% (0/0)","https://s3.amazonaws.com/pickture-perfect/budapest/img_42.jpg","false","true","true","false","true","false","false","false","true","false"
"3E9ZFLPWO0WW3A4KQMX1UXN2IA6XI4","3S0VMPP5OHC7ZW2RJHNUSTU742HXKD","Characterize Images","Categorize the given content based on the provided criteria","categorize, image","$0.01","Thu Apr 25 09:08:02 PDT 2019","3","BatchId:3620442;OriginalHitTemplateId:928390873;","3600","259200","Thu May 02 09:08:02 PDT 2019","","","39GXDJN2OWIDXYL67NPUI7RQ7L88V5","A3W0C04EXOY12C","Submitted","Thu Apr 25 09:10:32 PDT 2019","Thu Apr 25 09:10:59 PDT 2019","Sun Apr 28 09:10:59 PDT 2019","","","","27","0% (0/0)","0% (0/0)","0% (0/0)","https://s3.amazonaws.com/pickture-perfect/budapest/img_4.jpg","true","false","false","false","false","false","false","false","true","false"
"3E9ZFLPWO0WW3A4KQMX1UXN2IA6XI4","3S0VMPP5OHC7ZW2RJHNUSTU742HXKD","Characterize Images","Categorize the given content based on the provided criteria","categorize, image","$0.01","Thu Apr 25 09:08:02 PDT 2019","3","BatchId:3620442;OriginalHitTemplateId:928390873;","3600","259200","Thu May 02 09:08:02 PDT 2019","","","39K0FND3AKJ8QZKCQT8HR2E86GWAMU","A3AAC42XHLJPKM","Submitted","Thu Apr 25 09:12:13 PDT 2019","Thu Apr 25 09:13:03 PDT 2019","Sun Apr 28 09:13:03 PDT 2019","","","","50","0% (0/0)","0% (0/0)","0% (0/0)","https://s3.amazonaws.com/pickture-perfect/budapest/img_4.jpg","true","false","true","false","true","false","false","false","false","true"
"3E9ZFLPWO0WW3A4KQMX1UXN2IA6XI4","3S0VMPP5OHC7ZW2RJHNUSTU742HXKD","Characterize Images","Categorize the given content based on the provided criteria","categorize, image","$0.01","Thu Apr 25 09:08:02 PDT 2019","3","BatchId:3620442;OriginalHitTemplateId:928390873;","3600","259200","Thu May 02 09:08:02 PDT 2019","","","3SEPORI8WQ38P6JV5IYBZ4AHLKEAZB","ARIBVG7WV64QM","Submitted","Thu Apr 25 09:12:39 PDT 2019","Thu Apr 25 09:13:18 PDT 2019","Sun Apr 28 09:13:18 PDT 2019","","","","39","0% (0/0)","0% (0/0)","0% (0/0)","https://s3.amazonaws.com/pickture-perfect/budapest/img_4.jpg","false","false","true","false","false","false","false","false","true","false"
"3EN4YVUOUEWSYLOQ84I16Y22VPVXJG","3S0VMPP5OHC7ZW2RJHNUSTU742HXKD","Characterize Images","Categorize the given content based on the provided criteria","categorize, image","$0.01","Thu Apr 25 09:08:02 PDT 2019","3","BatchId:3620442;OriginalHitTemplateId:928390873;","3600","259200","Thu May 02 09:08:02 PDT 2019","","","338JKRMM293MYLJ1ZWS4ZX6CPUXAHL","A3W0C04EXOY12C","Submitted","Thu Apr 25 09:11:31 PDT 2019","Thu Apr 25 09:12:09 PDT 2019","Sun Apr 28 09:12:09 PDT 2019","","","","38","0% (0/0)","0% (0/0)","0% (0/0)","https://s3.amazonaws.com/pickture-perfect/budapest/img_18.jpg","false","false","true","false","false","false","false","false","true","false"
"3EN4YVUOUEWSYLOQ84I16Y22VPVXJG","3S0VMPP5OHC7ZW2RJHNUSTU742HXKD","Characterize Images","Categorize the given content based on the provided criteria","categorize, image","$0.01","Thu Apr 25 09:08:02 PDT 2019","3","BatchId:3620442;OriginalHitTemplateId:928390873;","3600","259200","Thu May 02 09:08:02 PDT 2019","","","3G5F9DBFOS16Q9MZARJ0VKKPA4ZHVU","AT9U8SRUUFLHG","Submitted","Thu Apr 25 09:16:18 PDT 2019","Thu Apr 25 09:16:53 PDT 2019","Sun Apr 28 09:16:53 PDT 2019","","","","35","0% (0/0)","0% (0/0)","0% (0/0)","https://s3.amazonaws.com/pickture-perfect/budapest/img_18.jpg","true","false","true","false","false","false","false","false","true","false"
"3EN4YVUOUEWSYLOQ84I16Y22VPVXJG","3S0VMPP5OHC7ZW2RJHNUSTU742HXKD","Characterize Images","Categorize the given content based on the provided criteria","categorize, image","$0.01","Thu Apr 25 09:08:02 PDT 2019","3","BatchId:3620442;OriginalHitTemplateId:928390873;","3600","259200","Thu May 02 09:08:02 PDT 2019","","","3OS4RQUCRCJ73ZXNAK40RNE5RX5FBN","ARIBVG7WV64QM","Submitted","Thu Apr 25 09:11:04 PDT 2019","Thu Apr 25 09:11:40 PDT 2019","Sun Apr 28 09:11:40 PDT 2019","","","","36","0% (0/0)","0% (0/0)","0% (0/0)","https://s3.amazonaws.com/pickture-perfect/budapest/img_18.jpg","false","false","true","false","false","false","false","false","true","false"
"3OKP4QVBP416B6QWPO5KPDZO2C6AGM","3S0VMPP5OHC7ZW2RJHNUSTU742HXKD","Characterize Images","Categorize the given content based on the provided criteria","categorize, image","$0.01","Thu Apr 25 09:08:02 PDT 2019","3","BatchId:3620442;OriginalHitTemplateId:928390873;","3600","259200","Thu May 02 09:08:02 PDT 2019","","","37W3JXSD69C5RTCTA1SK3MY679DWYH","A3W0C04EXOY12C","Submitted","Thu Apr 25 09:13:26 PDT 2019","Thu Apr 25 09:18:33 PDT 2019","Sun Apr 28 09:18:33 PDT 2019","","","","307","0% (0/0)","0% (0/0)","0% (0/0)","https://s3.amazonaws.com/pickture-perfect/budapest/img_37.jpg","false","false","true","false","false","false","false","false","true","false"
"3OKP4QVBP416B6QWPO5KPDZO2C6AGM","3S0VMPP5OHC7ZW2RJHNUSTU742HXKD","Characterize Images","Categorize the given content based on the provided criteria","categorize, image","$0.01","Thu Apr 25 09:08:02 PDT 2019","3","BatchId:3620442;OriginalHitTemplateId:928390873;","3600","259200","Thu May 02 09:08:02 PDT 2019","","","3GM6G9ZBKQ1D5VJLWTZYM740U5HTMY","ARIBVG7WV64QM","Submitted","Thu Apr 25 09:11:38 PDT 2019","Thu Apr 25 09:12:38 PDT 2019","Sun Apr 28 09:12:38 PDT 2019","","","","60","0% (0/0)","0% (0/0)","0% (0/0)","https://s3.amazonaws.com/pickture-perfect/budapest/img_37.jpg","false","false","true","false","false","false","false","false","true","false"
"3OKP4QVBP416B6QWPO5KPDZO2C6AGM","3S0VMPP5OHC7ZW2RJHNUSTU742HXKD","Characterize Images","Categorize the given content based on the provided criteria","categorize, image","$0.01","Thu Apr 25 09:08:02 PDT 2019","3","BatchId:3620442;OriginalHitTemplateId:928390873;","3600","259200","Thu May 02 09:08:02 PDT 2019","","","3PDJHANYK8KLBJ7Y9JBSJS4QTB7H62","AAFTW0Y54TW6D","Submitted","Thu Apr 25 09:13:51 PDT 2019","Thu Apr 25 09:14:07 PDT 2019","Sun Apr 28 09:14:07 PDT 2019","","","","16","0% (0/0)","0% (0/0)","0% (0/0)","https://s3.amazonaws.com/pickture-perfect/budapest/img_37.jpg","true","false","false","false","false","false","false","false","false","true"
"3UL5XDRDNENUCL8XBU2FPP24MFS85Y","3S0VMPP5OHC7ZW2RJHNUSTU742HXKD","Characterize Images","Categorize the given content based on the provided criteria","categorize, image","$0.01","Thu Apr 25 09:08:02 PDT 2019","3","BatchId:3620442;OriginalHitTemplateId:928390873;","3600","259200","Thu May 02 09:08:02 PDT 2019","","","3ITXP059PZNMPN0L4WHGWAGXOS8JSV","A18L40VEF1KVE3","Submitted","Thu Apr 25 09:13:54 PDT 2019","Thu Apr 25 09:14:37 PDT 2019","Sun Apr 28 09:14:37 PDT 2019","","","","43","0% (0/0)","0% (0/0)","0% (0/0)","https://s3.amazonaws.com/pickture-perfect/budapest/img_1.jpg","false","true","false","true","false","false","false","false","false","true"
"3UL5XDRDNENUCL8XBU2FPP24MFS85Y","3S0VMPP5OHC7ZW2RJHNUSTU742HXKD","Characterize Images","Categorize the given content based on the provided criteria","categorize, image","$0.01","Thu Apr 25 09:08:02 PDT 2019","3","BatchId:3620442;OriginalHitTemplateId:928390873;","3600","259200","Thu May 02 09:08:02 PDT 2019","","","3SKRO2GZ74VH6N799Y281OT1DHVK1B","A3W0C04EXOY12C","Submitted","Thu Apr 25 09:14:04 PDT 2019","Thu Apr 25 09:20:41 PDT 2019","Sun Apr 28 09:20:41 PDT 2019","","","","397","0% (0/0)","0% (0/0)","0% (0/0)","https://s3.amazonaws.com/pickture-perfect/budapest/img_1.jpg","false","false","true","false","false","false","false","false","true","false"
"3UL5XDRDNENUCL8XBU2FPP24MFS85Y","3S0VMPP5OHC7ZW2RJHNUSTU742HXKD","Characterize Images","Categorize the given content based on the provided criteria","categorize, image","$0.01","Thu Apr 25 09:08:02 PDT 2019","3","BatchId:3620442;OriginalHitTemplateId:928390873;","3600","259200","Thu May 02 09:08:02 PDT 2019","","","3ZY8KE4ISM7J32L2TH6U4YCQ1RUQVY","ARIBVG7WV64QM","Submitted","Thu Apr 25 09:11:48 PDT 2019","Thu Apr 25 09:12:53 PDT 2019","Sun Apr 28 09:12:53 PDT 2019","","","","65","0% (0/0)","0% (0/0)","0% (0/0)","https://s3.amazonaws.com/pickture-perfect/budapest/img_1.jpg","false","false","true","false","false","false","false","false","true","false"
"3KG2UQJ0MLS48EEZ1OF15XNQ76DQNG","3S0VMPP5OHC7ZW2RJHNUSTU742HXKD","Characterize Images","Categorize the given content based on the provided criteria","categorize, image","$0.01","Thu Apr 25 09:08:02 PDT 2019","3","BatchId:3620442;OriginalHitTemplateId:928390873;","3600","259200","Thu May 02 09:08:02 PDT 2019","","","3KXIR214I7K3H6027AF6ZQEA81K42N","AAFTW0Y54TW6D","Submitted","Thu Apr 25 09:14:49 PDT 2019","Thu Apr 25 09:15:06 PDT 2019","Sun Apr 28 09:15:06 PDT 2019","","","","17","0% (0/0)","0% (0/0)","0% (0/0)","https://s3.amazonaws.com/pickture-perfect/budapest/neg_2.jpg","false","false","false","false","true","false","false","false","false","true"
"3KG2UQJ0MLS48EEZ1OF15XNQ76DQNG","3S0VMPP5OHC7ZW2RJHNUSTU742HXKD","Characterize Images","Categorize the given content based on the provided criteria","categorize, image","$0.01","Thu Apr 25 09:08:02 PDT 2019","3","BatchId:3620442;OriginalHitTemplateId:928390873;","3600","259200","Thu May 02 09:08:02 PDT 2019","","","3U0SRXB7CG967YRT4593Z7SIBAURNJ","ARIBVG7WV64QM","Submitted","Thu Apr 25 09:13:21 PDT 2019","Thu Apr 25 09:13:50 PDT 2019","Sun Apr 28 09:13:50 PDT 2019","","","","29","0% (0/0)","0% (0/0)","0% (0/0)","https://s3.amazonaws.com/pickture-perfect/budapest/neg_2.jpg","false","false","true","false","false","false","false","false","true","false"
"3KG2UQJ0MLS48EEZ1OF15XNQ76DQNG","3S0VMPP5OHC7ZW2RJHNUSTU742HXKD","Characterize Images","Categorize the given content based on the provided criteria","categorize, image","$0.01","Thu Apr 25 09:08:02 PDT 2019","3","BatchId:3620442;OriginalHitTemplateId:928390873;","3600","259200","Thu May 02 09:08:02 PDT 2019","","","3VZLGYJEYOEKLJROGSQPJCLFM5MXZ1","A3W0C04EXOY12C","Submitted","Thu Apr 25 09:10:10 PDT 2019","Thu Apr 25 09:10:48 PDT 2019","Sun Apr 28 09:10:48 PDT 2019","","","","38","0% (0/0)","0% (0/0)","0% (0/0)","https://s3.amazonaws.com/pickture-perfect/budapest/neg_2.jpg","true","false","false","false","false","false","false","false","true","false"
"3EQVJH0T42PPQYKGFUEJ5I1H513THO","3S0VMPP5OHC7ZW2RJHNUSTU742HXKD","Characterize Images","Categorize the given content based on the provided criteria","categorize, image","$0.01","Thu Apr 25 09:08:02 PDT 2019","3","BatchId:3620442;OriginalHitTemplateId:928390873;","3600","259200","Thu May 02 09:08:02 PDT 2019","","","39L1G8WVWTVBAPZ2OSA9K2CZ2VA13I","ARIBVG7WV64QM","Submitted","Thu Apr 25 09:14:20 PDT 2019","Thu Apr 25 09:14:53 PDT 2019","Sun Apr 28 09:14:53 PDT 2019","","","","33","0% (0/0)","0% (0/0)","0% (0/0)","https://s3.amazonaws.com/pickture-perfect/budapest/img_43.jpg","false","false","true","false","false","false","false","false","true","false"
"3EQVJH0T42PPQYKGFUEJ5I1H513THO","3S0VMPP5OHC7ZW2RJHNUSTU742HXKD","Characterize Images","Categorize the given content based on the provided criteria","categorize, image","$0.01","Thu Apr 25 09:08:02 PDT 2019","3","BatchId:3620442;OriginalHitTemplateId:928390873;","3600","259200","Thu May 02 09:08:02 PDT 2019","","","3NAPMVF0ZZJ00TIL98DD22YKZ3A275","AAFTW0Y54TW6D","Submitted","Thu Apr 25 09:16:18 PDT 2019","Thu Apr 25 09:16:32 PDT 2019","Sun Apr 28 09:16:32 PDT 2019","","","","14","0% (0/0)","0% (0/0)","0% (0/0)","https://s3.amazonaws.com/pickture-perfect/budapest/img_43.jpg","true","false","false","false","false","true","false","false","false","true"
"3EQVJH0T42PPQYKGFUEJ5I1H513THO","3S0VMPP5OHC7ZW2RJHNUSTU742HXKD","Characterize Images","Categorize the given content based on the provided criteria","categorize, image","$0.01","Thu Apr 25 09:08:02 PDT 2019","3","BatchId:3620442;OriginalHitTemplateId:928390873;","3600","259200","Thu May 02 09:08:02 PDT 2019","","","3TXD01ZLD7LC1I94QUPC5992RS3U4V","A3W0C04EXOY12C","Submitted","Thu Apr 25 09:12:28 PDT 2019","Thu Apr 25 09:12:46 PDT 2019","Sun Apr 28 09:12:46 PDT 2019","","","","18","0% (0/0)","0% (0/0)","0% (0/0)","https://s3.amazonaws.com/pickture-perfect/budapest/img_43.jpg","false","false","true","false","false","false","false","false","true","false"
"3SSN80MU8ESN95U8QPID7D2FAEVXKF","3S0VMPP5OHC7ZW2RJHNUSTU742HXKD","Characterize Images","Categorize the given content based on the provided criteria","categorize, image","$0.01","Thu Apr 25 09:08:02 PDT 2019","3","BatchId:3620442;OriginalHitTemplateId:928390873;","3600","259200","Thu May 02 09:08:02 PDT 2019","","","3B3WTRP3DE64EC6EO5BXGYPQUTX92N","A3W0C04EXOY12C","Submitted","Thu Apr 25 09:10:45 PDT 2019","Thu Apr 25 09:11:10 PDT 2019","Sun Apr 28 09:11:10 PDT 2019","","","","25","0% (0/0)","0% (0/0)","0% (0/0)","https://s3.amazonaws.com/pickture-perfect/budapest/neg_1.jpg","true","false","false","false","false","false","false","false","true","false"
"3SSN80MU8ESN95U8QPID7D2FAEVXKF","3S0VMPP5OHC7ZW2RJHNUSTU742HXKD","Characterize Images","Categorize the given content based on the provided criteria","categorize, image","$0.01","Thu Apr 25 09:08:02 PDT 2019","3","BatchId:3620442;OriginalHitTemplateId:928390873;","3600","259200","Thu May 02 09:08:02 PDT 2019","","","3QL2OFSM99M21W2AM8J8ACTWB9RNC9","ARIBVG7WV64QM","Submitted","Thu Apr 25 09:10:55 PDT 2019","Thu Apr 25 09:12:25 PDT 2019","Sun Apr 28 09:12:25 PDT 2019","","","","90","0% (0/0)","0% (0/0)","0% (0/0)","https://s3.amazonaws.com/pickture-perfect/budapest/neg_1.jpg","true","false","false","false","false","false","false","false","true","false"
"3SSN80MU8ESN95U8QPID7D2FAEVXKF","3S0VMPP5OHC7ZW2RJHNUSTU742HXKD","Characterize Images","Categorize the given content based on the provided criteria","categorize, image","$0.01","Thu Apr 25 09:08:02 PDT 2019","3","BatchId:3620442;OriginalHitTemplateId:928390873;","3600","259200","Thu May 02 09:08:02 PDT 2019","","","3WR9XG3T66FA37X8DMW1VHVIJH6473","AAFTW0Y54TW6D","Submitted","Thu Apr 25 09:15:06 PDT 2019","Thu Apr 25 09:15:23 PDT 2019","Sun Apr 28 09:15:23 PDT 2019","","","","17","0% (0/0)","0% (0/0)","0% (0/0)","https://s3.amazonaws.com/pickture-perfect/budapest/neg_1.jpg","false","true","false","false","false","false","false","false","false","true"
"3DGDV62G7QDNJGORFS2SD4UIRF12PB","3S0VMPP5OHC7ZW2RJHNUSTU742HXKD","Characterize Images","Categorize the given content based on the provided criteria","categorize, image","$0.01","Thu Apr 25 09:08:02 PDT 2019","3","BatchId:3620442;OriginalHitTemplateId:928390873;","3600","259200","Thu May 02 09:08:02 PDT 2019","","","36DSNE9QZ827RV8SXF07C56WR35OJ3","A3W0C04EXOY12C","Submitted","Thu Apr 25 09:12:54 PDT 2019","Thu Apr 25 09:13:24 PDT 2019","Sun Apr 28 09:13:24 PDT 2019","","","","30","0% (0/0)","0% (0/0)","0% (0/0)","https://s3.amazonaws.com/pickture-perfect/budapest/img_47.jpg","false","false","true","false","false","false","false","false","true","false"
"3DGDV62G7QDNJGORFS2SD4UIRF12PB","3S0VMPP5OHC7ZW2RJHNUSTU742HXKD","Characterize Images","Categorize the given content based on the provided criteria","categorize, image","$0.01","Thu Apr 25 09:08:02 PDT 2019","3","BatchId:3620442;OriginalHitTemplateId:928390873;","3600","259200","Thu May 02 09:08:02 PDT 2019","","","3M0BCWMB8Y09ELJI09E0VB05M0VBWH","AAFTW0Y54TW6D","Submitted","Thu Apr 25 09:14:23 PDT 2019","Thu Apr 25 09:14:36 PDT 2019","Sun Apr 28 09:14:36 PDT 2019","","","","13","0% (0/0)","0% (0/0)","0% (0/0)","https://s3.amazonaws.com/pickture-perfect/budapest/img_47.jpg","false","false","false","true","false","false","false","false","false","true"
"3DGDV62G7QDNJGORFS2SD4UIRF12PB","3S0VMPP5OHC7ZW2RJHNUSTU742HXKD","Characterize Images","Categorize the given content based on the provided criteria","categorize, image","$0.01","Thu Apr 25 09:08:02 PDT 2019","3","BatchId:3620442;OriginalHitTemplateId:928390873;","3600","259200","Thu May 02 09:08:02 PDT 2019","","","3VBEN272MN3CYLAKWQWDZXOHW0RGSO","ARIBVG7WV64QM","Submitted","Thu Apr 25 09:13:03 PDT 2019","Thu Apr 25 09:13:36 PDT 2019","Sun Apr 28 09:13:36 PDT 2019","","","","33","0% (0/0)","0% (0/0)","0% (0/0)","https://s3.amazonaws.com/pickture-perfect/budapest/img_47.jpg","false","false","true","false","false","false","false","false","true","false"
"3JUDR1D0D8V8JSP6F5HHD9KSWBN2Q2","3S0VMPP5OHC7ZW2RJHNUSTU742HXKD","Characterize Images","Categorize the given content based on the provided criteria","categorize, image","$0.01","Thu Apr 25 09:08:02 PDT 2019","3","BatchId:3620442;OriginalHitTemplateId:928390873;","3600","259200","Thu May 02 09:08:02 PDT 2019","","","3RGU30DZTDCJRSNGKZLUK1HRW3QMJM","ACZBLQXF70HTU","Submitted","Thu Apr 25 09:14:32 PDT 2019","Thu Apr 25 09:15:27 PDT 2019","Sun Apr 28 09:15:27 PDT 2019","","","","55","0% (0/0)","0% (0/0)","0% (0/0)","https://s3.amazonaws.com/pickture-perfect/budapest/img_41.jpg","true","false","true","false","true","false","false","false","false","true"
"3JUDR1D0D8V8JSP6F5HHD9KSWBN2Q2","3S0VMPP5OHC7ZW2RJHNUSTU742HXKD","Characterize Images","Categorize the given content based on the provided criteria","categorize, image","$0.01","Thu Apr 25 09:08:02 PDT 2019","3","BatchId:3620442;OriginalHitTemplateId:928390873;","3600","259200","Thu May 02 09:08:02 PDT 2019","","","3WEV0KO0OPW9M10TU0V5TCLKJ8BSDQ","ARIBVG7WV64QM","Submitted","Thu Apr 25 09:14:16 PDT 2019","Thu Apr 25 09:15:03 PDT 2019","Sun Apr 28 09:15:03 PDT 2019","","","","47","0% (0/0)","0% (0/0)","0% (0/0)","https://s3.amazonaws.com/pickture-perfect/budapest/img_41.jpg","false","false","true","false","false","false","false","false","true","false"
"3JUDR1D0D8V8JSP6F5HHD9KSWBN2Q2","3S0VMPP5OHC7ZW2RJHNUSTU742HXKD","Characterize Images","Categorize the given content based on the provided criteria","categorize, image","$0.01","Thu Apr 25 09:08:02 PDT 2019","3","BatchId:3620442;OriginalHitTemplateId:928390873;","3600","259200","Thu May 02 09:08:02 PDT 2019","","","3X66WABAJZM8E4P56BVCRPG54KSG3W","A3W0C04EXOY12C","Submitted","Thu Apr 25 09:12:00 PDT 2019","Thu Apr 25 09:12:23 PDT 2019","Sun Apr 28 09:12:23 PDT 2019","","","","23","0% (0/0)","0% (0/0)","0% (0/0)","https://s3.amazonaws.com/pickture-perfect/budapest/img_41.jpg","false","false","true","false","false","false","false","false","true","false"